#
# A fatal error has been detected by the Java Runtime Environment:
#
#  SIGSEGV (0xb) at pc=0x00007b194b593b20, pid=305974, tid=305993
#
# JRE version: OpenJDK Runtime Environment (21.0.10) (build 21.0.10+-14961533-b1163.108)
# Java VM: OpenJDK 64-Bit Server VM (21.0.10+-14961533-b1163.108, mixed mode, tiered, compressed oops, compressed class ptrs, g1 gc, linux-amd64)
# Problematic frame:
# V  [libjvm.so+0x993b20]  G1CodeRootSetHashTable::contains(nmethod*)+0xc0
#
# No core dump will be written. Core dumps have been disabled. To enable core dumping, try "ulimit -c unlimited" before starting Java again
#
# If you would like to submit a bug report, please visit:
#   https://youtrack.jetbrains.com/issues/JBR
#

---------------  S U M M A R Y ------------

Command Line: --add-opens=java.base/java.lang=ALL-UNNAMED --add-opens=java.base/java.lang.invoke=ALL-UNNAMED --add-opens=java.base/java.util=ALL-UNNAMED --add-opens=java.prefs/java.util.prefs=ALL-UNNAMED --add-exports=jdk.compiler/com.sun.tools.javac.api=ALL-UNNAMED --add-exports=jdk.compiler/com.sun.tools.javac.util=ALL-UNNAMED --add-opens=java.base/java.util=ALL-UNNAMED --add-opens=java.prefs/java.util.prefs=ALL-UNNAMED --add-opens=java.base/java.nio.charset=ALL-UNNAMED --add-opens=java.base/java.net=ALL-UNNAMED --add-opens=java.base/java.util.concurrent=ALL-UNNAMED --add-opens=java.base/java.util.concurrent.atomic=ALL-UNNAMED --add-opens=java.xml/javax.xml.namespace=ALL-UNNAMED --add-opens=java.base/java.time=ALL-UNNAMED -Xmx2048m -Dfile.encoding=UTF-8 -Duser.country=FR -Duser.language=fr -Duser.variant -javaagent:/home/unmec/.gradle/wrapper/dists/gradle-9.4.1-bin/arn2x92ynaizyzdaamcbpbhtj/gradle-9.4.1/lib/agents/gradle-instrumentation-agent-9.4.1.jar -Dawt.toolkit.name=XToolkit org.gradle.launcher.daemon.bootstrap.GradleDaemon 9.4.1

Host: AMD Ryzen 5 2600 Six-Core Processor, 12 cores, 15G, Freedesktop SDK 25.08 (Flatpak runtime)
Time: Wed Jun  3 23:07:57 2026 CEST elapsed time: 10669.701849 seconds (0d 2h 57m 49s)

---------------  T H R E A D  ---------------

Current thread (0x00007b19442abb10):  JavaThread "C1 CompilerThread0" daemon [_thread_in_vm, id=305993, stack(0x00007b192d500000,0x00007b192d600000) (1024K)]


Current CompileTask:
C1:10669701 35098       3       org.gradle.api.internal.attributes.matching.DefaultAttributeSelectionSchema::disambiguate (105 bytes)

Stack: [0x00007b192d500000,0x00007b192d600000],  sp=0x00007b192d5fdc80,  free space=1015k
Native frames: (J=compiled Java code, j=interpreted, Vv=VM code, C=native code)
V  [libjvm.so+0x993b20]  G1CodeRootSetHashTable::contains(nmethod*)+0xc0
V  [libjvm.so+0x993285]  G1CodeRootSet::add(nmethod*)+0x15
V  [libjvm.so+0xe380cb]  nmethod::oops_do(OopClosure*, bool)+0x1fb
V  [libjvm.so+0x99de01]  G1CollectedHeap::register_nmethod(nmethod*)+0x31
V  [libjvm.so+0xe35d88]  nmethod::nmethod(Method*, CompilerType, int, int, int, CodeOffsets*, int, DebugInformationRecorder*, Dependencies*, CodeBuffer*, int, OopMapSet*, ExceptionHandlerTable*, ImplicitExceptionTable*, AbstractCompiler*, CompLevel, char*, int, JVMCINMethodData*)+0x4d8
V  [libjvm.so+0xe34fea]  nmethod::new_nmethod(methodHandle const&, int, int, CodeOffsets*, int, DebugInformationRecorder*, Dependencies*, CodeBuffer*, int, OopMapSet*, ExceptionHandlerTable*, ImplicitExceptionTable*, AbstractCompiler*, CompLevel, char*, int, JVMCINMethodData*)+0x1ca
V  [libjvm.so+0x7fe643]  ciEnv::register_method(ciMethod*, int, CodeOffsets*, int, CodeBuffer*, int, OopMapSet*, ExceptionHandlerTable*, ImplicitExceptionTable*, AbstractCompiler*, bool, bool, bool, int, RTMState)+0x643
V  [libjvm.so+0x73c052]  Compilation::compile_method()+0x392
V  [libjvm.so+0x73c2be]  Compilation::Compilation(AbstractCompiler*, ciEnv*, ciMethod*, int, BufferBlob*, bool, DirectiveSet*)+0x1ee
V  [libjvm.so+0x73d1f4]  Compiler::compile_method(ciEnv*, ciMethod*, int, bool, DirectiveSet*)+0x84
V  [libjvm.so+0x88c2b2]  CompileBroker::invoke_compiler_on_method(CompileTask*)+0xe82
V  [libjvm.so+0x88b149]  CompileBroker::compiler_thread_loop()+0x4f9
V  [libjvm.so+0xac2fd0]  JavaThread::thread_main_inner()+0x90
V  [libjvm.so+0x101a33e]  Thread::call_run()+0xae
V  [libjvm.so+0xe66c54]  thread_native_entry(Thread*)+0x114
C  [libc.so.6+0x9a56a]

siginfo: si_signo: 11 (SIGSEGV), si_code: 1 (SEGV_MAPERR), si_addr: 0x0000000001000008

Registers:
RAX=0x00007b1898032c00, RBX=0x00007b1931f4d290, RCX=0x00007b19442abcb8, RDX=0x0000000000000000
RSP=0x00007b192d5fdc80, RBP=0x00007b192d5fdc90, RSI=0x0000000001000000, RDI=0x00007b189802d2c0
R8 =0x00007b18f02493d0, R9 =0x00007b19440cdf88, R10=0x0000000000000000, R11=0xffffffffffffffc0
R12=0x00000000807b7430, R13=0x00007b194bdddde0, R14=0x00007b19440cc250, R15=0x00007b1931f4e5d0
RIP=0x00007b194b593b20, EFLAGS=0x0000000000010206, CSGSFS=0x002b000000000033, ERR=0x0000000000000004
  TRAPNO=0x000000000000000e

XMM[0]=0x00007b18f0000090 0x00007b18f0000090
XMM[1]=0x0000000000000000 0x0000013000000dc1
XMM[2]=0x0000000000000000 0x0000013e00000dd3
XMM[3]=0x0000000000000000 0x0000014b00000de6
XMM[4]=0x0000000000000000 0x00007b18f0000090
XMM[5]=0x0000000000000000 0x000001cd00000ef5
XMM[6]=0x0000000000000000 0x000001ad00000eb3
XMM[7]=0x0000000000000000 0x0000018000000e71
XMM[8]=0x0000000000000000 0x0000016600000e32
XMM[9]=0xffff000000000000 0x0000ffffffffffff
XMM[10]=0x440000062fffffff 0x2fffffff47000000
XMM[11]=0x470000078fffffff 0x8fffffff8fffffff
XMM[12]=0x0000000000000000 0x0000000047000000
XMM[13]=0x0000000000000000 0x0000000000000000
XMM[14]=0x0000000000000000 0x0000000000000000
XMM[15]=0x0000000000000000 0x0000000000000000
  MXCSR=0x00001fa3


Register to memory mapping:

RAX=0x00007b1898032c00 points into unknown readable memory: 0x0000000000000000 | 00 00 00 00 00 00 00 00
RBX=0x00007b1931f4d290 is at entry_point+-752 in (nmethod*)0x00007b1931f4d290
Compiled method (c1) 10669709 35098       3       org.gradle.api.internal.attributes.matching.DefaultAttributeSelectionSchema::disambiguate (105 bytes)
 total in heap  [0x00007b1931f4d290,0x00007b1931f4eaa0] = 6160
 relocation     [0x00007b1931f4d3e8,0x00007b1931f4d568] = 384
 main code      [0x00007b1931f4d580,0x00007b1931f4e508] = 3976
 stub code      [0x00007b1931f4e508,0x00007b1931f4e5c8] = 192
 oops           [0x00007b1931f4e5c8,0x00007b1931f4e5d8] = 16
 metadata       [0x00007b1931f4e5d8,0x00007b1931f4e648] = 112
 scopes data    [0x00007b1931f4e648,0x00007b1931f4e820] = 472
 scopes pcs     [0x00007b1931f4e820,0x00007b1931f4ea40] = 544
 dependencies   [0x00007b1931f4ea40,0x00007b1931f4ea60] = 32
 nul chk table  [0x00007b1931f4ea60,0x00007b1931f4eaa0] = 64
RCX=0x00007b19442abcb8 points into unknown readable memory: 0x0000000000022d4d | 4d 2d 02 00 00 00 00 00
RDX=0x0 is null
RSP=0x00007b192d5fdc80 is pointing into the stack for thread: 0x00007b19442abb10
RBP=0x00007b192d5fdc90 is pointing into the stack for thread: 0x00007b19442abb10
RSI=0x0000000001000000 is an unknown value
RDI=0x00007b189802d2c0 points into unknown readable memory: 0x0000000000000000 | 00 00 00 00 00 00 00 00
R8 =0x00007b18f02493d0 points into unknown readable memory: 0x0000000001000000 | 00 00 00 01 00 00 00 00
R9 =0x00007b19440cdf88 points into unknown readable memory: 0x0000000000000000 | 00 00 00 00 00 00 00 00
R10=0x0 is null
R11=0xffffffffffffffc0 is an unknown value
R12=0x00000000807b7430 is an oop: org.gradle.internal.classloader.VisitableURLClassLoader 
{0x00000000807b7430} - klass: 'org/gradle/internal/classloader/VisitableURLClassLoader'
 - ---- fields (total size 13 words):
 - private 'defaultAssertionStatus' 'Z' @12  false (0x00)
 - injected 'loader_data' 'J' @16  135348449338048 (0x00007b19443e62c0)
 - private final 'parent' 'Ljava/lang/ClassLoader;' @24  a 'org/gradle/internal/classloader/VisitableURLClassLoader'{0x00000000807b7498} (0x807b7498)
 - private final 'name' 'Ljava/lang/String;' @28  null (0x00000000)
 - private final 'unnamedModule' 'Ljava/lang/Module;' @32  a 'java/lang/Module'{0x00000000807ce270} (0x807ce270)
 - private final 'nameAndId' 'Ljava/lang/String;' @36  "org.gradle.internal.classloader.VisitableURLClassLoader @6eebc39e"{0x000000008049c9e0} (0x8049c9e0)
 - private final 'parallelLockMap' 'Ljava/util/concurrent/ConcurrentHashMap;' @40  a 'java/util/concurrent/ConcurrentHashMap'{0x0000000080ab9ce8} (0x80ab9ce8)
 - private final 'package2certs' 'Ljava/util/concurrent/ConcurrentHashMap;' @44  a 'java/util/concurrent/ConcurrentHashMap'{0x0000000080b58598} (0x80b58598)
 - private final 'classes' 'Ljava/util/ArrayList;' @48  a 'java/util/ArrayList'{0x0000000080b5b488} (0x80b5b488)
 - private final 'defaultDomain' 'Ljava/security/ProtectionDomain;' @52  a 'java/security/ProtectionDomain'{0x0000000080b8fe10} (0x80b8fe10)
 - private final 'packages' 'Ljava/util/concurrent/ConcurrentHashMap;' @56  a 'java/util/concurrent/ConcurrentHashMap'{0x0000000080b8fe80} (0x80b8fe80)
 - private final 'libraries' 'Ljdk/internal/loader/NativeLibraries;' @60  a 'jdk/internal/loader/NativeLibraries'{0x0000000080b986a0} (0x80b986a0)
 - final 'assertionLock' 'Ljava/lang/Object;' @64  a 'java/lang/Object'{0x0000000080b98910} (0x80b98910)
 - private 'packageAssertionStatus' 'Ljava/util/Map;' @68  null (0x00000000)
 - 'classAssertionStatus' 'Ljava/util/Map;' @72  null (0x00000000)
 - private volatile 'classLoaderValueMap' 'Ljava/util/concurrent/ConcurrentHashMap;' @76  a 'java/util/concurrent/ConcurrentHashMap'{0x0000000080b98920} (0x80b98920)
 - private final 'pdcache' 'Ljava/util/Map;' @80  a 'java/util/concurrent/ConcurrentHashMap'{0x0000000080b98ae0} (0x80b98ae0)
 - private final 'ucp' 'Ljdk/internal/loader/URLClassPath;' @84  a 'jdk/internal/loader/URLClassPath'{0x0000000080b9b988} (0x80b9b988)
 - private final 'acc' 'Ljava/security/AccessControlContext;' @88  a 'java/security/AccessControlContext'{0x00000000807a62d0} (0x807a62d0)
 - private 'closeables' 'Ljava/util/WeakHashMap;' @92  a 'java/util/WeakHashMap'{0x0000000080ba72f0} (0x80ba72f0)
 - private final 'userData' 'Ljava/util/Map;' @96  a 'java/util/HashMap'{0x0000000080ba73d8} (0x80ba73d8)
 - private final 'name' 'Ljava/lang/String;' @100  "ant-and-gradle-loader"{0x0000000080ba7408} (0x80ba7408)
R13=0x00007b194bdddde0: <offset 0x00000000011ddde0> in /app/extra/jbr/lib/server/libjvm.so at 0x00007b194ac00000
R14=0x00007b19440cc250 points into unknown readable memory: 0x0000000000000000 | 00 00 00 00 00 00 00 00
R15=0x00007b1931f4e5d0 is at entry_point+4176 in (nmethod*)0x00007b1931f4d290
Compiled method (c1) 10669711 35098       3       org.gradle.api.internal.attributes.matching.DefaultAttributeSelectionSchema::disambiguate (105 bytes)
 total in heap  [0x00007b1931f4d290,0x00007b1931f4eaa0] = 6160
 relocation     [0x00007b1931f4d3e8,0x00007b1931f4d568] = 384
 main code      [0x00007b1931f4d580,0x00007b1931f4e508] = 3976
 stub code      [0x00007b1931f4e508,0x00007b1931f4e5c8] = 192
 oops           [0x00007b1931f4e5c8,0x00007b1931f4e5d8] = 16
 metadata       [0x00007b1931f4e5d8,0x00007b1931f4e648] = 112
 scopes data    [0x00007b1931f4e648,0x00007b1931f4e820] = 472
 scopes pcs     [0x00007b1931f4e820,0x00007b1931f4ea40] = 544
 dependencies   [0x00007b1931f4ea40,0x00007b1931f4ea60] = 32
 nul chk table  [0x00007b1931f4ea60,0x00007b1931f4eaa0] = 64

Top of Stack: (sp=0x00007b192d5fdc80)
0x00007b192d5fdc80:   00007b1931f4d290 00007b19440cc1f0
0x00007b192d5fdc90:   00007b192d5fdcb0 00007b194b593285
0x00007b192d5fdca0:   00007b192d5fdda8 00007b1931f4d290
0x00007b192d5fdcb0:   00007b192d5fdd90 00007b194ba380cb
0x00007b192d5fdcc0:   0000000000000001 0000000000000000
0x00007b192d5fdcd0:   00007b1931f4d568 00007b1931f4d568
0x00007b192d5fdce0:   00007b1931f4d290 00007b1931f4e5c0
0x00007b192d5fdcf0:   0000000000000227 00007b1931f4d560
0x00007b192d5fdd00:   00007b1931f40000 00007b1931f4d580
0x00007b192d5fdd10:   00007b1931f4d580 00007b1931f4e508
0x00007b192d5fdd20:   00007b1931f4d580 00007b1931f4e508
0x00007b192d5fdd30:   00007b1931f4e5c8 00007b194bda9668
0x00007b192d5fdd40:   00007b192d5fdcc8 0000000000000001
0x00007b192d5fdd50:   00007b1900000000 00007b1931f4e5c8
0x00007b192d5fdd60:   00007b194bda9668 00007b1931f4d290
0x00007b192d5fdd70:   00000000000013b8 0000000000000000
0x00007b192d5fdd80:   00007b19442ac398 00007b192d5fe318
0x00007b192d5fdd90:   00007b192d5fddc0 00007b194b59de01
0x00007b192d5fdda0:   00007b1931f4d290 00007b194bd985d8
0x00007b192d5fddb0:   00007b1944040bc0 00007b1931f4d290
0x00007b192d5fddc0:   00007b192d5fde50 00007b194ba35d88
0x00007b192d5fddd0:   0000000000000000 0000000000000000
0x00007b192d5fdde0:   00007b192d5fe2d8 00007b192d5fe2c0
0x00007b192d5fddf0:   00007b19442aa1c0 00007b18ec0dff38
0x00007b192d5fde00:   00007b19442ac3c8 0000891affff0000
0x00007b192d5fde10:   0000000000000000 00007b192d5fe2f8
0x00007b192d5fde20:   0300000000000001 0000000000000040
0x00007b192d5fde30:   00000000000015f8 0000000000001810
0x00007b192d5fde40:   00007b1931f4d290 0000000000000220
0x00007b192d5fde50:   00007b192d5fdf80 00007b194ba34fea
0x00007b192d5fde60:   00007b192d5fe2f8 00000000000000b0
0x00007b192d5fde70:   00007b19442ac3c8 00007b18ec0dff38 

Instructions: (pc=0x00007b194b593b20)
0x00007b194b593a20:   0b d1 ff eb ae 48 8d 05 fc 34 82 00 48 8b 00 c6
0x00007b194b593a30:   00 58 48 8d 35 0a 85 90 ff 48 8d 0d 3f 18 92 ff
0x00007b194b593a40:   4c 8d 05 c1 d1 93 ff bf 00 00 00 e0 ba ac 02 00
0x00007b194b593a50:   00 31 c0 e8 f8 ee f2 ff cc cc cc cc cc cc cc cc
0x00007b194b593a60:   55 48 89 e5 41 56 53 48 89 f3 49 89 fe 66 48 8d
0x00007b194b593a70:   3d 5b cd 81 00 66 66 48 e8 53 ee 74 00 48 8b 08
0x00007b194b593a80:   48 8b 91 a8 01 00 00 48 81 c1 a8 01 00 00 48 89
0x00007b194b593a90:   d0 f6 c2 01 75 12 48 8d 05 e3 4c 85 00 48 8b 80
0x00007b194b593aa0:   80 00 00 00 48 83 c8 01 48 87 01 49 8b 46 58 48
0x00007b194b593ab0:   85 c0 74 09 49 8d 46 58 31 f6 48 87 30 48 89 d8
0x00007b194b593ac0:   48 c1 e8 20 31 d8 89 c6 f7 d6 c1 e0 0f 01 f0 89
0x00007b194b593ad0:   c6 c1 ee 0c 31 c6 8d 04 b6 89 c6 c1 ee 04 31 c6
0x00007b194b593ae0:   69 f6 09 08 00 00 89 f0 c1 e8 10 31 f0 49 8b 7e
0x00007b194b593af0:   18 8b 77 18 21 c6 48 8b 3f 4c 8b 04 f7 49 f7 c0
0x00007b194b593b00:   02 00 00 00 75 2d 48 8d 04 f7 48 8b 30 48 83 e6
0x00007b194b593b10:   fc 74 37 66 66 66 66 2e 0f 1f 84 00 00 00 00 00
0x00007b194b593b20:   48 39 5e 08 0f 94 c0 74 23 48 8b 36 48 85 f6 75
0x00007b194b593b30:   ef eb 19 49 8b 76 20 23 46 18 48 c1 e0 03 48 03
0x00007b194b593b40:   06 48 8b 30 48 83 e6 fc 75 d6 31 c0 48 89 11 5b
0x00007b194b593b50:   41 5e 5d c3 cc cc cc cc cc cc cc cc cc cc cc cc
0x00007b194b593b60:   55 48 89 e5 41 57 41 56 41 54 53 48 83 ec 10 48
0x00007b194b593b70:   83 bf a0 00 00 00 00 0f 84 97 00 00 00 49 89 f6
0x00007b194b593b80:   48 89 fb 48 c7 45 d8 00 00 00 00 48 8d 45 d8 48
0x00007b194b593b90:   89 45 d0 66 48 8d 3d 35 cc 81 00 66 66 48 e8 2d
0x00007b194b593ba0:   ed 74 00 4c 8b 38 48 8b 7b 48 e8 a1 b8 49 00 84
0x00007b194b593bb0:   c0 74 77 48 83 7b 50 00 75 67 48 8d 7b 08 4c 8d
0x00007b194b593bc0:   63 50 48 c7 43 58 00 00 00 00 4c 89 7b 50 48 8d
0x00007b194b593bd0:   4d d0 4c 89 fe 4c 89 f2 e8 d3 16 00 00 0f 57 c0
0x00007b194b593be0:   41 0f 11 04 24 48 8b 7b 48 e8 12 b9 49 00 48 8b
0x00007b194b593bf0:   45 d8 48 85 c0 74 1d 48 8d 8b a0 00 00 00 48 89
0x00007b194b593c00:   c6 48 f7 de f0 48 0f c1 31 48 29 c6 48 89 df e8
0x00007b194b593c10:   4c 06 00 00 48 83 c4 10 5b 41 5c 41 5e 41 5f 5d 


Stack slot to memory mapping:

stack at sp + 0 slots: 0x00007b1931f4d290 is at entry_point+-752 in (nmethod*)0x00007b1931f4d290
Compiled method (c1) 10669715 35098       3       org.gradle.api.internal.attributes.matching.DefaultAttributeSelectionSchema::disambiguate (105 bytes)
 total in heap  [0x00007b1931f4d290,0x00007b1931f4eaa0] = 6160
 relocation     [0x00007b1931f4d3e8,0x00007b1931f4d568] = 384
 main code      [0x00007b1931f4d580,0x00007b1931f4e508] = 3976
 stub code      [0x00007b1931f4e508,0x00007b1931f4e5c8] = 192
 oops           [0x00007b1931f4e5c8,0x00007b1931f4e5d8] = 16
 metadata       [0x00007b1931f4e5d8,0x00007b1931f4e648] = 112
 scopes data    [0x00007b1931f4e648,0x00007b1931f4e820] = 472
 scopes pcs     [0x00007b1931f4e820,0x00007b1931f4ea40] = 544
 dependencies   [0x00007b1931f4ea40,0x00007b1931f4ea60] = 32
 nul chk table  [0x00007b1931f4ea60,0x00007b1931f4eaa0] = 64
stack at sp + 1 slots: 0x00007b19440cc1f0 points into unknown readable memory: 0x00007b19440cc250 | 50 c2 0c 44 19 7b 00 00
stack at sp + 2 slots: 0x00007b192d5fdcb0 is pointing into the stack for thread: 0x00007b19442abb10
stack at sp + 3 slots: 0x00007b194b593285: <offset 0x0000000000993285> in /app/extra/jbr/lib/server/libjvm.so at 0x00007b194ac00000
stack at sp + 4 slots: 0x00007b192d5fdda8 is pointing into the stack for thread: 0x00007b19442abb10
stack at sp + 5 slots: 0x00007b1931f4d290 is at entry_point+-752 in (nmethod*)0x00007b1931f4d290
Compiled method (c1) 10669715 35098       3       org.gradle.api.internal.attributes.matching.DefaultAttributeSelectionSchema::disambiguate (105 bytes)
 total in heap  [0x00007b1931f4d290,0x00007b1931f4eaa0] = 6160
 relocation     [0x00007b1931f4d3e8,0x00007b1931f4d568] = 384
 main code      [0x00007b1931f4d580,0x00007b1931f4e508] = 3976
 stub code      [0x00007b1931f4e508,0x00007b1931f4e5c8] = 192
 oops           [0x00007b1931f4e5c8,0x00007b1931f4e5d8] = 16
 metadata       [0x00007b1931f4e5d8,0x00007b1931f4e648] = 112
 scopes data    [0x00007b1931f4e648,0x00007b1931f4e820] = 472
 scopes pcs     [0x00007b1931f4e820,0x00007b1931f4ea40] = 544
 dependencies   [0x00007b1931f4ea40,0x00007b1931f4ea60] = 32
 nul chk table  [0x00007b1931f4ea60,0x00007b1931f4eaa0] = 64
stack at sp + 6 slots: 0x00007b192d5fdd90 is pointing into the stack for thread: 0x00007b19442abb10
stack at sp + 7 slots: 0x00007b194ba380cb: <offset 0x0000000000e380cb> in /app/extra/jbr/lib/server/libjvm.so at 0x00007b194ac00000


---------------  P R O C E S S  ---------------

Threads class SMR info:
_java_thread_list=0x00007b184404be50, length=70, elements={
0x00007b194402e0c0, 0x00007b1944287260, 0x00007b19442937a0, 0x00007b1944294830,
0x00007b19442960c0, 0x00007b1944297710, 0x00007b19442a8ee0, 0x00007b19442aa450,
0x00007b19442abb10, 0x00007b19443d7c20, 0x00007b1945b10880, 0x00007b1945ba5050,
0x00007b1945be47b0, 0x00007b18ac217990, 0x00007b18ac21e4d0, 0x00007b18ac25c870,
0x00007b18acc590a0, 0x00007b18acc5e9a0, 0x00007b18acd51b30, 0x00007b18acfadf20,
0x00007b18acfc4040, 0x00007b18ad1e9880, 0x00007b18ad3ef280, 0x00007b18ad3f9640,
0x00007b18ad40d870, 0x00007b18ad410c40, 0x00007b18ad3fe3c0, 0x00007b18ae534160,
0x00007b17f03563d0, 0x00007b18c801c820, 0x00007b17b84a3720, 0x00007b17b809f770,
0x00007b17b8003830, 0x00007b17b4037780, 0x00007b17b4037e90, 0x00007b17b40385a0,
0x00007b17b4038cb0, 0x00007b17b40228f0, 0x00007b17b4023000, 0x00007b17b40020c0,
0x00007b17b40027d0, 0x00007b18f01e6fa0, 0x00007b17b40031f0, 0x00007b17b4004020,
0x00007b17b400ff20, 0x00007b17b4010ad0, 0x00007b17b4011d00, 0x00007b17b4012f40,
0x00007b17b40537f0, 0x00007b17b4054a00, 0x00007b18f09adc60, 0x00007b17b4055c10,
0x00007b17b4056e30, 0x00007b17b4057b60, 0x00007b17b40b2cc0, 0x00007b17b40fc7a0,
0x00007b17b40fd890, 0x00007b17b410bfe0, 0x00007b18440156c0, 0x00007b18440ccff0,
0x00007b184404bea0, 0x00007b18440488c0, 0x00007b184400fe70, 0x00007b17fc1d9740,
0x00007b18440129f0, 0x00007b18440cc3b0, 0x00007b18440135e0, 0x00007b18440e5e90,
0x00007b184400b480, 0x00007b18440e7150
}

Java Threads: ( => current thread )
  0x00007b194402e0c0 JavaThread "main"                              [_thread_blocked, id=305978, stack(0x00007b194ab00000,0x00007b194ac00000) (1024K)]
  0x00007b1944287260 JavaThread "Common-Cleaner"             daemon [_thread_blocked, id=305986, stack(0x00007b194819f000,0x00007b194829f000) (1024K)]
  0x00007b19442937a0 JavaThread "Reference Handler"          daemon [_thread_blocked, id=305987, stack(0x00007b194809f000,0x00007b194819f000) (1024K)]
  0x00007b1944294830 JavaThread "Finalizer"                  daemon [_thread_blocked, id=305988, stack(0x00007b192dd00000,0x00007b192de00000) (1024K)]
  0x00007b19442960c0 JavaThread "Signal Dispatcher"          daemon [_thread_blocked, id=305989, stack(0x00007b192d900000,0x00007b192da00000) (1024K)]
  0x00007b1944297710 JavaThread "Service Thread"             daemon [_thread_blocked, id=305990, stack(0x00007b192d800000,0x00007b192d900000) (1024K)]
  0x00007b19442a8ee0 JavaThread "Monitor Deflation Thread"   daemon [_thread_blocked, id=305991, stack(0x00007b192d700000,0x00007b192d800000) (1024K)]
  0x00007b19442aa450 JavaThread "C2 CompilerThread0"         daemon [_thread_blocked, id=305992, stack(0x00007b192d600000,0x00007b192d700000) (1024K)]
=>0x00007b19442abb10 JavaThread "C1 CompilerThread0"         daemon [_thread_in_vm, id=305993, stack(0x00007b192d500000,0x00007b192d600000) (1024K)]
  0x00007b19443d7c20 JavaThread "Notification Thread"        daemon [_thread_blocked, id=305994, stack(0x00007b192d400000,0x00007b192d500000) (1024K)]
  0x00007b1945b10880 JavaThread "Daemon health stats"               [_thread_blocked, id=306004, stack(0x00007b192c8fc000,0x00007b192c9fc000) (1024K)]
  0x00007b1945ba5050 JavaThread "Incoming local TCP Connector on port 38137"        [_thread_in_native, id=306005, stack(0x00007b192c7fc000,0x00007b192c8fc000) (1024K)]
  0x00007b1945be47b0 JavaThread "Daemon periodic checks"            [_thread_blocked, id=306006, stack(0x00007b192c6fc000,0x00007b192c7fc000) (1024K)]
  0x00007b18ac217990 JavaThread "Cache worker for journal cache (/home/unmec/.gradle/caches/journal-1)"        [_thread_blocked, id=306021, stack(0x00007b192d200000,0x00007b192d300000) (1024K)]
  0x00007b18ac21e4d0 JavaThread "File lock request listener"        [_thread_in_native, id=306022, stack(0x00007b18ab7fa000,0x00007b18ab8fa000) (1024K)]
  0x00007b18ac25c870 JavaThread "Cache worker for file hash cache (/home/unmec/.gradle/caches/9.4.1/fileHashes)"        [_thread_blocked, id=306023, stack(0x00007b18ab6fa000,0x00007b18ab7fa000) (1024K)]
  0x00007b18acc590a0 JavaThread "File watcher server"        daemon [_thread_in_native, id=306027, stack(0x00007b18ab2d9000,0x00007b18ab3d9000) (1024K)]
  0x00007b18acc5e9a0 JavaThread "File watcher consumer"      daemon [_thread_blocked, id=306028, stack(0x00007b18ab1d9000,0x00007b18ab2d9000) (1024K)]
  0x00007b18acd51b30 JavaThread "Cache worker for file content cache (/home/unmec/.gradle/caches/9.4.1/fileContent)"        [_thread_blocked, id=306029, stack(0x00007b18ab0d9000,0x00007b18ab1d9000) (1024K)]
  0x00007b18acfadf20 JavaThread "jar transforms"                    [_thread_blocked, id=306033, stack(0x00007b18aacd9000,0x00007b18aadd9000) (1024K)]
  0x00007b18acfc4040 JavaThread "jar transforms Thread 2"           [_thread_blocked, id=306034, stack(0x00007b18aabd9000,0x00007b18aacd9000) (1024K)]
  0x00007b18ad1e9880 JavaThread "jar transforms Thread 3"           [_thread_blocked, id=306035, stack(0x00007b18aaad9000,0x00007b18aabd9000) (1024K)]
  0x00007b18ad3ef280 JavaThread "jar transforms Thread 4"           [_thread_blocked, id=306048, stack(0x00007b18a9dd9000,0x00007b18a9ed9000) (1024K)]
  0x00007b18ad3f9640 JavaThread "jar transforms Thread 5"           [_thread_blocked, id=306049, stack(0x00007b18a9cd9000,0x00007b18a9dd9000) (1024K)]
  0x00007b18ad40d870 JavaThread "jar transforms Thread 6"           [_thread_blocked, id=306051, stack(0x00007b18a9bd9000,0x00007b18a9cd9000) (1024K)]
  0x00007b18ad410c40 JavaThread "jar transforms Thread 7"           [_thread_blocked, id=306052, stack(0x00007b18a9ad9000,0x00007b18a9bd9000) (1024K)]
  0x00007b18ad3fe3c0 JavaThread "jar transforms Thread 8"           [_thread_blocked, id=306053, stack(0x00007b18a99d9000,0x00007b18a9ad9000) (1024K)]
  0x00007b18ae534160 JavaThread "Memory manager"                    [_thread_blocked, id=306056, stack(0x00007b18ab3d9000,0x00007b18ab4d9000) (1024K)]
  0x00007b17f03563d0 JavaThread "Cache worker for Java compile cache (/home/unmec/.gradle/caches/9.4.1/javaCompile)"        [_thread_blocked, id=306080, stack(0x00007b18a88d9000,0x00007b18a89d9000) (1024K)]
  0x00007b18c801c820 JavaThread "Daemon Thread 5"                   [_thread_blocked, id=335709, stack(0x00007b17b3d00000,0x00007b17b3e00000) (1024K)]
  0x00007b17b84a3720 JavaThread "Handler for socket connection from /127.0.0.1:38137 to /127.0.0.1:38866"        [_thread_in_native, id=335710, stack(0x00007b17b3800000,0x00007b17b3900000) (1024K)]
  0x00007b17b809f770 JavaThread "Cancel handler"                    [_thread_blocked, id=335711, stack(0x00007b18a8e00000,0x00007b18a8f00000) (1024K)]
  0x00007b17b8003830 JavaThread "Daemon worker Thread 5"            [_thread_blocked, id=335712, stack(0x00007b18aa1d9000,0x00007b18aa2d9000) (1024K)]
  0x00007b17b4037780 JavaThread "Asynchronous log dispatcher for DefaultDaemonConnection: socket connection from /127.0.0.1:38137 to /127.0.0.1:38866"        [_thread_blocked, id=335713, stack(0x00007b17b3a00000,0x00007b17b3b00000) (1024K)]
  0x00007b17b4037e90 JavaThread "Stdin handler"                     [_thread_blocked, id=335714, stack(0x00007b17b3b00000,0x00007b17b3c00000) (1024K)]
  0x00007b17b40385a0 JavaThread "Daemon client event forwarder"        [_thread_blocked, id=335715, stack(0x00007b18a87d9000,0x00007b18a88d9000) (1024K)]
  0x00007b17b4038cb0 JavaThread "Cache worker for file hash cache (/home/unmec/Téléchargements/FatiCoursesV2/.gradle/9.4.1/fileHashes)"        [_thread_blocked, id=335716, stack(0x00007b17b3600000,0x00007b17b3700000) (1024K)]
  0x00007b17b40228f0 JavaThread "Cache worker for Build Output Cleanup Cache (/home/unmec/Téléchargements/FatiCoursesV2/.gradle/buildOutputCleanup)"        [_thread_blocked, id=335717, stack(0x00007b17b3700000,0x00007b17b3800000) (1024K)]
  0x00007b17b4023000 JavaThread "Cache worker for checksums cache (/home/unmec/Téléchargements/FatiCoursesV2/.gradle/9.4.1/checksums)"        [_thread_blocked, id=335718, stack(0x00007b18a85d9000,0x00007b18a86d9000) (1024K)]
  0x00007b17b40020c0 JavaThread "Cache worker for cache directory md-supplier (/home/unmec/.gradle/caches/9.4.1/md-supplier)"        [_thread_blocked, id=335719, stack(0x00007b18a83d9000,0x00007b18a84d9000) (1024K)]
  0x00007b17b40027d0 JavaThread "Cache worker for cache directory md-rule (/home/unmec/.gradle/caches/9.4.1/md-rule)"        [_thread_blocked, id=335720, stack(0x00007b192c2fc000,0x00007b192c3fc000) (1024K)]
  0x00007b18f01e6fa0 JavaThread "C2 CompilerThread1"         daemon [_thread_in_vm, id=335721, stack(0x00007b18a8bd9000,0x00007b18a8cd9000) (1024K)]
  0x00007b17b40031f0 JavaThread "Build operations"                  [_thread_blocked, id=335722, stack(0x00007b17b3e00000,0x00007b17b3f00000) (1024K)]
  0x00007b17b4004020 JavaThread "Build operations Thread 2"         [_thread_blocked, id=335723, stack(0x00007b18a94d9000,0x00007b18a95d9000) (1024K)]
  0x00007b17b400ff20 JavaThread "Build operations Thread 3"         [_thread_blocked, id=335724, stack(0x00007b18a9fd9000,0x00007b18aa0d9000) (1024K)]
  0x00007b17b4010ad0 JavaThread "Build operations Thread 4"         [_thread_blocked, id=335725, stack(0x00007b18a9100000,0x00007b18a9200000) (1024K)]
  0x00007b17b4011d00 JavaThread "Build operations Thread 5"         [_thread_blocked, id=335726, stack(0x00007b18a95d9000,0x00007b18a96d9000) (1024K)]
  0x00007b17b4012f40 JavaThread "Build operations Thread 6"         [_thread_blocked, id=335727, stack(0x00007b18a96d9000,0x00007b18a97d9000) (1024K)]
  0x00007b17b40537f0 JavaThread "Build operations Thread 7"         [_thread_blocked, id=335728, stack(0x00007b18aa3d9000,0x00007b18aa4d9000) (1024K)]
  0x00007b17b4054a00 JavaThread "Build operations Thread 8"         [_thread_blocked, id=335730, stack(0x00007b18a8000000,0x00007b18a8100000) (1024K)]
  0x00007b18f09adc60 JavaThread "C2 CompilerThread2"         daemon [_thread_in_vm, id=335729, stack(0x00007b192c0fc000,0x00007b192c1fc000) (1024K)]
  0x00007b17b4055c10 JavaThread "Build operations Thread 9"         [_thread_blocked, id=335731, stack(0x00007b18ab5fa000,0x00007b18ab6fa000) (1024K)]
  0x00007b17b4056e30 JavaThread "Build operations Thread 10"        [_thread_blocked, id=335732, stack(0x00007b18a97d9000,0x00007b18a98d9000) (1024K)]
  0x00007b17b4057b60 JavaThread "Build operations Thread 11"        [_thread_blocked, id=335733, stack(0x00007b18aa6d9000,0x00007b18aa7d9000) (1024K)]
  0x00007b17b40b2cc0 JavaThread "Build operations Thread 12"        [_thread_blocked, id=335734, stack(0x00007b18a8100000,0x00007b18a8200000) (1024K)]
  0x00007b17b40fc7a0 JavaThread "build event listener"              [_thread_blocked, id=335735, stack(0x00007b18abf00000,0x00007b18ac000000) (1024K)]
  0x00007b17b40fd890 JavaThread "build event listener"              [_thread_blocked, id=335736, stack(0x00007b18aa8d9000,0x00007b18aa9d9000) (1024K)]
  0x00007b17b410bfe0 JavaThread "included builds"                   [_thread_blocked, id=335737, stack(0x00007b18aafd9000,0x00007b18ab0d9000) (1024K)]
  0x00007b18440156c0 JavaThread "Execution worker"                  [_thread_blocked, id=335738, stack(0x00007b18a86d9000,0x00007b18a87d9000) (1024K)]
  0x00007b18440ccff0 JavaThread "Execution worker Thread 2"         [_thread_blocked, id=335739, stack(0x00007b192c1fc000,0x00007b192c2fc000) (1024K)]
  0x00007b184404bea0 JavaThread "Execution worker Thread 3"         [_thread_blocked, id=335740, stack(0x00007b17b12e0000,0x00007b17b13e0000) (1024K)]
  0x00007b18440488c0 JavaThread "Execution worker Thread 4"         [_thread_blocked, id=335741, stack(0x00007b18a84d9000,0x00007b18a85d9000) (1024K)]
  0x00007b184400fe70 JavaThread "Execution worker Thread 5"         [_thread_blocked, id=335742, stack(0x00007b18a9300000,0x00007b18a9400000) (1024K)]
  0x00007b17fc1d9740 JavaThread "Cache worker for execution history cache (/home/unmec/Téléchargements/FatiCoursesV2/.gradle/9.4.1/executionHistory)"        [_thread_blocked, id=335743, stack(0x00007b18a8f00000,0x00007b18a9000000) (1024K)]
  0x00007b18440129f0 JavaThread "Execution worker Thread 6"         [_thread_blocked, id=335744, stack(0x00007b18aa9d9000,0x00007b18aaad9000) (1024K)]
  0x00007b18440cc3b0 JavaThread "Execution worker Thread 7"         [_thread_blocked, id=335745, stack(0x00007b18aa7d9000,0x00007b18aa8d9000) (1024K)]
  0x00007b18440135e0 JavaThread "Execution worker Thread 8"         [_thread_blocked, id=335746, stack(0x00007b18aaed9000,0x00007b18aafd9000) (1024K)]
  0x00007b18440e5e90 JavaThread "Execution worker Thread 9"         [_thread_blocked, id=335747, stack(0x00007b192d300000,0x00007b192d400000) (1024K)]
  0x00007b184400b480 JavaThread "Execution worker Thread 10"        [_thread_blocked, id=335748, stack(0x00007b192c5fc000,0x00007b192c6fc000) (1024K)]
  0x00007b18440e7150 JavaThread "Execution worker Thread 11"        [_thread_blocked, id=335749, stack(0x00007b192c4fc000,0x00007b192c5fc000) (1024K)]
Total: 70

Other Threads:
  0x00007b19441c3e20 VMThread "VM Thread"                           [id=305985, stack(0x00007b19482fa000,0x00007b19483fa000) (1024K)]
  0x00007b19441b8cf0 WatcherThread "VM Periodic Task Thread"        [id=305984, stack(0x00007b19483fb000,0x00007b19484fb000) (1024K)]
  0x00007b1944087900 WorkerThread "GC Thread#0"                     [id=305979, stack(0x00007b1949500000,0x00007b1949600000) (1024K)]
  0x00007b19140081d0 WorkerThread "GC Thread#1"                     [id=305999, stack(0x00007b192d070000,0x00007b192d170000) (1024K)]
  0x00007b1914008cd0 WorkerThread "GC Thread#2"                     [id=306000, stack(0x00007b192cd00000,0x00007b192ce00000) (1024K)]
  0x00007b19140097d0 WorkerThread "GC Thread#3"                     [id=306001, stack(0x00007b192cbff000,0x00007b192ccff000) (1024K)]
  0x00007b191400a2d0 WorkerThread "GC Thread#4"                     [id=306002, stack(0x00007b192cafe000,0x00007b192cbfe000) (1024K)]
  0x00007b191400add0 WorkerThread "GC Thread#5"                     [id=306003, stack(0x00007b192c9fd000,0x00007b192cafd000) (1024K)]
  0x00007b191400cd60 WorkerThread "GC Thread#6"                     [id=306014, stack(0x00007b18abe00000,0x00007b18abf00000) (1024K)]
  0x00007b191400d410 WorkerThread "GC Thread#7"                     [id=306015, stack(0x00007b18abcff000,0x00007b18abdff000) (1024K)]
  0x00007b191400df10 WorkerThread "GC Thread#8"                     [id=306016, stack(0x00007b18abbfe000,0x00007b18abcfe000) (1024K)]
  0x00007b19140115c0 WorkerThread "GC Thread#9"                     [id=306017, stack(0x00007b18abafd000,0x00007b18abbfd000) (1024K)]
  0x00007b1944098f30 ConcurrentGCThread "G1 Main Marker"            [id=305980, stack(0x00007b19493ff000,0x00007b19494ff000) (1024K)]
  0x00007b1944099ed0 WorkerThread "G1 Conc#0"                       [id=305981, stack(0x00007b19492fe000,0x00007b19493fe000) (1024K)]
  0x00007b1920000d30 WorkerThread "G1 Conc#1"                       [id=306018, stack(0x00007b18ab9fc000,0x00007b18abafc000) (1024K)]
  0x00007b1920001870 WorkerThread "G1 Conc#2"                       [id=306019, stack(0x00007b18ab8fb000,0x00007b18ab9fb000) (1024K)]
  0x00007b19441a7690 ConcurrentGCThread "G1 Refine#0"               [id=305982, stack(0x00007b19487f3000,0x00007b19488f3000) (1024K)]
  0x00007b19441a8650 ConcurrentGCThread "G1 Service"                [id=305983, stack(0x00007b19486f2000,0x00007b19487f2000) (1024K)]
Total: 18

Threads with active compile tasks:
C2 CompilerThread0  10669719 35074       4       org.gradle.api.internal.artifacts.transform.DefaultTransformedVariantFactory::locateOrCreate (148 bytes)
C1 CompilerThread0  10669719 35098       3       org.gradle.api.internal.attributes.matching.DefaultAttributeSelectionSchema::disambiguate (105 bytes)
C2 CompilerThread1  10669719 35065       4       org.gradle.api.internal.artifacts.transform.ResolvedVariantTransformer::transform (41 bytes)
C2 CompilerThread2  10669719 35066       4       org.gradle.api.internal.artifacts.transform.DefaultTransformedVariantFactory::transformedExternalArtifacts (16 bytes)
Total: 4

VM state: not at safepoint (normal execution)

VM Mutex/Monitor currently owned by a thread:  ([mutex/lock_event])
[0x00007b194be04a08] MethodCompileQueue_lock - owner thread: 0x00007b19442abb10
[0x00007b194be05f08] CodeCache_lock - owner thread: 0x00007b19442abb10
[0x00007b194be06088] Compile_lock - owner thread: 0x00007b19442abb10

Heap address: 0x0000000080000000, size: 2048 MB, Compressed Oops mode: 32-bit

CDS archive(s) not mapped
Compressed class space mapped at: 0x0000000100000000-0x0000000140000000, reserved size: 1073741824
Narrow klass base: 0x0000000000000000, Narrow klass shift: 3, Narrow klass range: 0x140000000

GC Precious Log:
 CardTable entry size: 512
 Card Set container configuration: InlinePtr #cards 5 size 8 Array Of Cards #cards 12 size 40 Howl #buckets 4 coarsen threshold 1843 Howl Bitmap #cards 512 size 80 coarsen threshold 460 Card regions per heap region 1 cards per card region 2048
 CPUs: 12 total, 12 available
 Memory: 15914M
 Large Page Support: Disabled
 NUMA Support: Disabled
 Compressed Oops: Enabled (32-bit)
 Heap Region Size: 1M
 Heap Min Capacity: 8M
 Heap Initial Capacity: 250M
 Heap Max Capacity: 2G
 Pre-touch: Disabled
 Parallel Workers: 10
 Concurrent Workers: 3
 Concurrent Refinement Workers: 10
 Periodic GC: Disabled

Heap:
 garbage-first heap   total 913408K, used 673646K [0x0000000080000000, 0x0000000100000000)
  region size 1024K, 420 young (430080K), 6 survivors (6144K)
 Metaspace       used 180370K, committed 182976K, reserved 1245184K
  class space    used 24680K, committed 25984K, reserved 1048576K

Heap Regions: E=young(eden), S=young(survivor), O=old, HS=humongous(starts), HC=humongous(continues), CS=collection set, F=free, TAMS=top-at-mark-start, PB=parsable bottom
|   0|0x0000000080000000, 0x0000000080100000, 0x0000000080100000|100%|HS|  |TAMS 0x0000000080000000| PB 0x0000000080000000| Complete 
|   1|0x0000000080100000, 0x0000000080200000, 0x0000000080200000|100%|HC|  |TAMS 0x0000000080100000| PB 0x0000000080100000| Complete 
|   2|0x0000000080200000, 0x0000000080300000, 0x0000000080300000|100%|HC|  |TAMS 0x0000000080200000| PB 0x0000000080200000| Complete 
|   3|0x0000000080300000, 0x0000000080400000, 0x0000000080400000|100%|HC|  |TAMS 0x0000000080300000| PB 0x0000000080300000| Complete 
|   4|0x0000000080400000, 0x0000000080500000, 0x0000000080500000|100%| O|  |TAMS 0x0000000080400000| PB 0x0000000080400000| Untracked 
|   5|0x0000000080500000, 0x0000000080600000, 0x0000000080600000|100%| O|  |TAMS 0x0000000080500000| PB 0x0000000080500000| Untracked 
|   6|0x0000000080600000, 0x0000000080700000, 0x0000000080700000|100%| O|  |TAMS 0x0000000080600000| PB 0x0000000080600000| Untracked 
|   7|0x0000000080700000, 0x0000000080800000, 0x0000000080800000|100%| O|  |TAMS 0x0000000080700000| PB 0x0000000080700000| Untracked 
|   8|0x0000000080800000, 0x0000000080900000, 0x0000000080900000|100%|HS|  |TAMS 0x0000000080800000| PB 0x0000000080800000| Complete 
|   9|0x0000000080900000, 0x0000000080a00000, 0x0000000080a00000|100%| O|  |TAMS 0x0000000080900000| PB 0x0000000080900000| Untracked 
|  10|0x0000000080a00000, 0x0000000080b00000, 0x0000000080b00000|100%| O|  |TAMS 0x0000000080a00000| PB 0x0000000080a00000| Untracked 
|  11|0x0000000080b00000, 0x0000000080c00000, 0x0000000080c00000|100%| O|  |TAMS 0x0000000080b00000| PB 0x0000000080b00000| Untracked 
|  12|0x0000000080c00000, 0x0000000080d00000, 0x0000000080d00000|100%| O|  |TAMS 0x0000000080c00000| PB 0x0000000080c00000| Untracked 
|  13|0x0000000080d00000, 0x0000000080e00000, 0x0000000080e00000|100%| O|  |TAMS 0x0000000080d00000| PB 0x0000000080d00000| Untracked 
|  14|0x0000000080e00000, 0x0000000080f00000, 0x0000000080f00000|100%| O|  |TAMS 0x0000000080e00000| PB 0x0000000080e00000| Untracked 
|  15|0x0000000080f00000, 0x0000000081000000, 0x0000000081000000|100%| O|  |TAMS 0x0000000080f00000| PB 0x0000000080f00000| Untracked 
|  16|0x0000000081000000, 0x0000000081100000, 0x0000000081100000|100%| O|  |TAMS 0x0000000081000000| PB 0x0000000081000000| Untracked 
|  17|0x0000000081100000, 0x0000000081200000, 0x0000000081200000|100%| O|  |TAMS 0x0000000081100000| PB 0x0000000081100000| Untracked 
|  18|0x0000000081200000, 0x0000000081300000, 0x0000000081300000|100%| O|  |TAMS 0x0000000081200000| PB 0x0000000081200000| Untracked 
|  19|0x0000000081300000, 0x0000000081400000, 0x0000000081400000|100%| O|  |TAMS 0x0000000081300000| PB 0x0000000081300000| Untracked 
|  20|0x0000000081400000, 0x0000000081500000, 0x0000000081500000|100%| O|  |TAMS 0x0000000081400000| PB 0x0000000081400000| Untracked 
|  21|0x0000000081500000, 0x0000000081600000, 0x0000000081600000|100%| O|  |TAMS 0x0000000081500000| PB 0x0000000081500000| Untracked 
|  22|0x0000000081600000, 0x0000000081700000, 0x0000000081700000|100%| O|  |TAMS 0x0000000081600000| PB 0x0000000081600000| Untracked 
|  23|0x0000000081700000, 0x0000000081800000, 0x0000000081800000|100%| O|  |TAMS 0x0000000081700000| PB 0x0000000081700000| Untracked 
|  24|0x0000000081800000, 0x0000000081900000, 0x0000000081900000|100%| O|  |TAMS 0x0000000081800000| PB 0x0000000081800000| Untracked 
|  25|0x0000000081900000, 0x0000000081a00000, 0x0000000081a00000|100%| O|  |TAMS 0x0000000081900000| PB 0x0000000081900000| Untracked 
|  26|0x0000000081a00000, 0x0000000081b00000, 0x0000000081b00000|100%| O|  |TAMS 0x0000000081a00000| PB 0x0000000081a00000| Untracked 
|  27|0x0000000081b00000, 0x0000000081c00000, 0x0000000081c00000|100%|HS|  |TAMS 0x0000000081b00000| PB 0x0000000081b00000| Complete 
|  28|0x0000000081c00000, 0x0000000081d00000, 0x0000000081d00000|100%|HC|  |TAMS 0x0000000081c00000| PB 0x0000000081c00000| Complete 
|  29|0x0000000081d00000, 0x0000000081e00000, 0x0000000081e00000|100%| O|  |TAMS 0x0000000081d00000| PB 0x0000000081d00000| Untracked 
|  30|0x0000000081e00000, 0x0000000081f00000, 0x0000000081f00000|100%| O|  |TAMS 0x0000000081e00000| PB 0x0000000081e00000| Untracked 
|  31|0x0000000081f00000, 0x0000000082000000, 0x0000000082000000|100%|HS|  |TAMS 0x0000000081f00000| PB 0x0000000081f00000| Complete 
|  32|0x0000000082000000, 0x0000000082100000, 0x0000000082100000|100%| O|  |TAMS 0x0000000082000000| PB 0x0000000082000000| Untracked 
|  33|0x0000000082100000, 0x0000000082200000, 0x0000000082200000|100%| O|  |TAMS 0x0000000082100000| PB 0x0000000082100000| Untracked 
|  34|0x0000000082200000, 0x0000000082300000, 0x0000000082300000|100%| O|  |TAMS 0x0000000082200000| PB 0x0000000082200000| Untracked 
|  35|0x0000000082300000, 0x0000000082400000, 0x0000000082400000|100%| O|  |TAMS 0x0000000082300000| PB 0x0000000082300000| Untracked 
|  36|0x0000000082400000, 0x0000000082500000, 0x0000000082500000|100%| O|  |TAMS 0x0000000082400000| PB 0x0000000082400000| Untracked 
|  37|0x0000000082500000, 0x0000000082600000, 0x0000000082600000|100%| O|  |TAMS 0x0000000082500000| PB 0x0000000082500000| Untracked 
|  38|0x0000000082600000, 0x0000000082700000, 0x0000000082700000|100%| O|  |TAMS 0x0000000082600000| PB 0x0000000082600000| Untracked 
|  39|0x0000000082700000, 0x0000000082800000, 0x0000000082800000|100%| O|  |TAMS 0x0000000082700000| PB 0x0000000082700000| Untracked 
|  40|0x0000000082800000, 0x0000000082900000, 0x0000000082900000|100%| O|  |TAMS 0x0000000082800000| PB 0x0000000082800000| Untracked 
|  41|0x0000000082900000, 0x0000000082a00000, 0x0000000082a00000|100%| O|  |TAMS 0x0000000082900000| PB 0x0000000082900000| Untracked 
|  42|0x0000000082a00000, 0x0000000082b00000, 0x0000000082b00000|100%| O|  |TAMS 0x0000000082a00000| PB 0x0000000082a00000| Untracked 
|  43|0x0000000082b00000, 0x0000000082c00000, 0x0000000082c00000|100%| O|  |TAMS 0x0000000082b00000| PB 0x0000000082b00000| Untracked 
|  44|0x0000000082c00000, 0x0000000082d00000, 0x0000000082d00000|100%| O|  |TAMS 0x0000000082c00000| PB 0x0000000082c00000| Untracked 
|  45|0x0000000082d00000, 0x0000000082e00000, 0x0000000082e00000|100%| O|  |TAMS 0x0000000082d00000| PB 0x0000000082d00000| Untracked 
|  46|0x0000000082e00000, 0x0000000082f00000, 0x0000000082f00000|100%| O|  |TAMS 0x0000000082e00000| PB 0x0000000082e00000| Untracked 
|  47|0x0000000082f00000, 0x0000000083000000, 0x0000000083000000|100%| O|  |TAMS 0x0000000082f00000| PB 0x0000000082f00000| Untracked 
|  48|0x0000000083000000, 0x0000000083100000, 0x0000000083100000|100%|HS|  |TAMS 0x0000000083000000| PB 0x0000000083000000| Complete 
|  49|0x0000000083100000, 0x0000000083200000, 0x0000000083200000|100%|HC|  |TAMS 0x0000000083100000| PB 0x0000000083100000| Complete 
|  50|0x0000000083200000, 0x0000000083300000, 0x0000000083300000|100%| O|  |TAMS 0x0000000083200000| PB 0x0000000083200000| Untracked 
|  51|0x0000000083300000, 0x0000000083400000, 0x0000000083400000|100%| O|  |TAMS 0x0000000083300000| PB 0x0000000083300000| Untracked 
|  52|0x0000000083400000, 0x0000000083500000, 0x0000000083500000|100%|HS|  |TAMS 0x0000000083400000| PB 0x0000000083400000| Complete 
|  53|0x0000000083500000, 0x0000000083600000, 0x0000000083600000|100%|HS|  |TAMS 0x0000000083500000| PB 0x0000000083500000| Complete 
|  54|0x0000000083600000, 0x0000000083700000, 0x0000000083700000|100%|HS|  |TAMS 0x0000000083600000| PB 0x0000000083600000| Complete 
|  55|0x0000000083700000, 0x0000000083800000, 0x0000000083800000|100%|HC|  |TAMS 0x0000000083700000| PB 0x0000000083700000| Complete 
|  56|0x0000000083800000, 0x0000000083900000, 0x0000000083900000|100%|HS|  |TAMS 0x0000000083800000| PB 0x0000000083800000| Complete 
|  57|0x0000000083900000, 0x0000000083a00000, 0x0000000083a00000|100%|HS|  |TAMS 0x0000000083900000| PB 0x0000000083900000| Complete 
|  58|0x0000000083a00000, 0x0000000083b00000, 0x0000000083b00000|100%| O|  |TAMS 0x0000000083a00000| PB 0x0000000083a00000| Untracked 
|  59|0x0000000083b00000, 0x0000000083c00000, 0x0000000083c00000|100%| O|  |TAMS 0x0000000083b00000| PB 0x0000000083b00000| Untracked 
|  60|0x0000000083c00000, 0x0000000083c00000, 0x0000000083d00000|  0%| F|  |TAMS 0x0000000083c00000| PB 0x0000000083c00000| Untracked 
|  61|0x0000000083d00000, 0x0000000083e00000, 0x0000000083e00000|100%| O|  |TAMS 0x0000000083d00000| PB 0x0000000083d00000| Untracked 
|  62|0x0000000083e00000, 0x0000000083f00000, 0x0000000083f00000|100%|HS|  |TAMS 0x0000000083e00000| PB 0x0000000083e00000| Complete 
|  63|0x0000000083f00000, 0x0000000084000000, 0x0000000084000000|100%|HS|  |TAMS 0x0000000083f00000| PB 0x0000000083f00000| Complete 
|  64|0x0000000084000000, 0x0000000084100000, 0x0000000084100000|100%| O|  |TAMS 0x0000000084000000| PB 0x0000000084000000| Untracked 
|  65|0x0000000084100000, 0x0000000084200000, 0x0000000084200000|100%| O|  |TAMS 0x0000000084100000| PB 0x0000000084100000| Untracked 
|  66|0x0000000084200000, 0x0000000084300000, 0x0000000084300000|100%|HS|  |TAMS 0x0000000084200000| PB 0x0000000084200000| Complete 
|  67|0x0000000084300000, 0x0000000084400000, 0x0000000084400000|100%|HC|  |TAMS 0x0000000084300000| PB 0x0000000084300000| Complete 
|  68|0x0000000084400000, 0x0000000084500000, 0x0000000084500000|100%| O|  |TAMS 0x0000000084400000| PB 0x0000000084400000| Untracked 
|  69|0x0000000084500000, 0x0000000084600000, 0x0000000084600000|100%| O|  |TAMS 0x0000000084500000| PB 0x0000000084500000| Untracked 
|  70|0x0000000084600000, 0x0000000084700000, 0x0000000084700000|100%| O|  |TAMS 0x0000000084600000| PB 0x0000000084600000| Untracked 
|  71|0x0000000084700000, 0x0000000084800000, 0x0000000084800000|100%| O|  |TAMS 0x0000000084700000| PB 0x0000000084700000| Untracked 
|  72|0x0000000084800000, 0x0000000084900000, 0x0000000084900000|100%|HS|  |TAMS 0x0000000084800000| PB 0x0000000084800000| Complete 
|  73|0x0000000084900000, 0x0000000084a00000, 0x0000000084a00000|100%| O|  |TAMS 0x0000000084900000| PB 0x0000000084900000| Untracked 
|  74|0x0000000084a00000, 0x0000000084b00000, 0x0000000084b00000|100%| O|  |TAMS 0x0000000084a00000| PB 0x0000000084a00000| Untracked 
|  75|0x0000000084b00000, 0x0000000084c00000, 0x0000000084c00000|100%| O|  |TAMS 0x0000000084b00000| PB 0x0000000084b00000| Untracked 
|  76|0x0000000084c00000, 0x0000000084d00000, 0x0000000084d00000|100%| O|  |TAMS 0x0000000084c00000| PB 0x0000000084c00000| Untracked 
|  77|0x0000000084d00000, 0x0000000084e00000, 0x0000000084e00000|100%| O|  |TAMS 0x0000000084d00000| PB 0x0000000084d00000| Untracked 
|  78|0x0000000084e00000, 0x0000000084f00000, 0x0000000084f00000|100%| O|  |TAMS 0x0000000084e00000| PB 0x0000000084e00000| Untracked 
|  79|0x0000000084f00000, 0x0000000085000000, 0x0000000085000000|100%| O|  |TAMS 0x0000000084f00000| PB 0x0000000084f00000| Untracked 
|  80|0x0000000085000000, 0x0000000085100000, 0x0000000085100000|100%| O|  |TAMS 0x0000000085000000| PB 0x0000000085000000| Untracked 
|  81|0x0000000085100000, 0x0000000085200000, 0x0000000085200000|100%| O|  |TAMS 0x0000000085100000| PB 0x0000000085100000| Untracked 
|  82|0x0000000085200000, 0x0000000085300000, 0x0000000085300000|100%| O|  |TAMS 0x0000000085200000| PB 0x0000000085200000| Untracked 
|  83|0x0000000085300000, 0x0000000085400000, 0x0000000085400000|100%| O|  |TAMS 0x0000000085300000| PB 0x0000000085300000| Untracked 
|  84|0x0000000085400000, 0x0000000085500000, 0x0000000085500000|100%| O|  |TAMS 0x0000000085400000| PB 0x0000000085400000| Untracked 
|  85|0x0000000085500000, 0x0000000085600000, 0x0000000085600000|100%| O|  |TAMS 0x0000000085500000| PB 0x0000000085500000| Untracked 
|  86|0x0000000085600000, 0x0000000085700000, 0x0000000085700000|100%| O|  |TAMS 0x0000000085600000| PB 0x0000000085600000| Untracked 
|  87|0x0000000085700000, 0x0000000085800000, 0x0000000085800000|100%| O|  |TAMS 0x0000000085700000| PB 0x0000000085700000| Untracked 
|  88|0x0000000085800000, 0x0000000085900000, 0x0000000085900000|100%| O|  |TAMS 0x0000000085800000| PB 0x0000000085800000| Untracked 
|  89|0x0000000085900000, 0x0000000085a00000, 0x0000000085a00000|100%| O|  |TAMS 0x0000000085900000| PB 0x0000000085900000| Untracked 
|  90|0x0000000085a00000, 0x0000000085b00000, 0x0000000085b00000|100%| O|  |TAMS 0x0000000085a00000| PB 0x0000000085a00000| Untracked 
|  91|0x0000000085b00000, 0x0000000085c00000, 0x0000000085c00000|100%| O|  |TAMS 0x0000000085b00000| PB 0x0000000085b00000| Untracked 
|  92|0x0000000085c00000, 0x0000000085d00000, 0x0000000085d00000|100%| O|  |TAMS 0x0000000085c00000| PB 0x0000000085c00000| Untracked 
|  93|0x0000000085d00000, 0x0000000085e00000, 0x0000000085e00000|100%| O|  |TAMS 0x0000000085d00000| PB 0x0000000085d00000| Untracked 
|  94|0x0000000085e00000, 0x0000000085f00000, 0x0000000085f00000|100%| O|  |TAMS 0x0000000085e00000| PB 0x0000000085e00000| Untracked 
|  95|0x0000000085f00000, 0x0000000086000000, 0x0000000086000000|100%| O|  |TAMS 0x0000000085f00000| PB 0x0000000085f00000| Untracked 
|  96|0x0000000086000000, 0x0000000086100000, 0x0000000086100000|100%| O|  |TAMS 0x0000000086000000| PB 0x0000000086000000| Untracked 
|  97|0x0000000086100000, 0x0000000086200000, 0x0000000086200000|100%| O|  |TAMS 0x0000000086100000| PB 0x0000000086100000| Untracked 
|  98|0x0000000086200000, 0x0000000086300000, 0x0000000086300000|100%| O|  |TAMS 0x0000000086200000| PB 0x0000000086200000| Untracked 
|  99|0x0000000086300000, 0x0000000086400000, 0x0000000086400000|100%| O|  |TAMS 0x0000000086300000| PB 0x0000000086300000| Untracked 
| 100|0x0000000086400000, 0x0000000086500000, 0x0000000086500000|100%| O|  |TAMS 0x0000000086400000| PB 0x0000000086400000| Untracked 
| 101|0x0000000086500000, 0x0000000086600000, 0x0000000086600000|100%| O|  |TAMS 0x0000000086500000| PB 0x0000000086500000| Untracked 
| 102|0x0000000086600000, 0x0000000086700000, 0x0000000086700000|100%| O|  |TAMS 0x0000000086600000| PB 0x0000000086600000| Untracked 
| 103|0x0000000086700000, 0x0000000086800000, 0x0000000086800000|100%| O|  |TAMS 0x0000000086700000| PB 0x0000000086700000| Untracked 
| 104|0x0000000086800000, 0x0000000086900000, 0x0000000086900000|100%| O|  |TAMS 0x0000000086800000| PB 0x0000000086800000| Untracked 
| 105|0x0000000086900000, 0x0000000086900000, 0x0000000086a00000|  0%| F|  |TAMS 0x0000000086900000| PB 0x0000000086900000| Untracked 
| 106|0x0000000086a00000, 0x0000000086b00000, 0x0000000086b00000|100%| O|  |TAMS 0x0000000086a00000| PB 0x0000000086a00000| Untracked 
| 107|0x0000000086b00000, 0x0000000086c00000, 0x0000000086c00000|100%| O|  |TAMS 0x0000000086b00000| PB 0x0000000086b00000| Untracked 
| 108|0x0000000086c00000, 0x0000000086d00000, 0x0000000086d00000|100%| O|  |TAMS 0x0000000086c00000| PB 0x0000000086c00000| Untracked 
| 109|0x0000000086d00000, 0x0000000086e00000, 0x0000000086e00000|100%| O|  |TAMS 0x0000000086d00000| PB 0x0000000086d00000| Untracked 
| 110|0x0000000086e00000, 0x0000000086f00000, 0x0000000086f00000|100%| O|  |TAMS 0x0000000086e00000| PB 0x0000000086e00000| Untracked 
| 111|0x0000000086f00000, 0x0000000087000000, 0x0000000087000000|100%| O|  |TAMS 0x0000000086f00000| PB 0x0000000086f00000| Untracked 
| 112|0x0000000087000000, 0x0000000087100000, 0x0000000087100000|100%| O|  |TAMS 0x0000000087000000| PB 0x0000000087000000| Untracked 
| 113|0x0000000087100000, 0x0000000087100000, 0x0000000087200000|  0%| F|  |TAMS 0x0000000087100000| PB 0x0000000087100000| Untracked 
| 114|0x0000000087200000, 0x0000000087300000, 0x0000000087300000|100%| O|  |TAMS 0x0000000087200000| PB 0x0000000087200000| Untracked 
| 115|0x0000000087300000, 0x0000000087300000, 0x0000000087400000|  0%| F|  |TAMS 0x0000000087300000| PB 0x0000000087300000| Untracked 
| 116|0x0000000087400000, 0x0000000087500000, 0x0000000087500000|100%| O|  |TAMS 0x0000000087400000| PB 0x0000000087400000| Untracked 
| 117|0x0000000087500000, 0x0000000087600000, 0x0000000087600000|100%| O|  |TAMS 0x0000000087500000| PB 0x0000000087500000| Untracked 
| 118|0x0000000087600000, 0x0000000087700000, 0x0000000087700000|100%| O|  |TAMS 0x0000000087600000| PB 0x0000000087600000| Untracked 
| 119|0x0000000087700000, 0x0000000087800000, 0x0000000087800000|100%| O|  |TAMS 0x0000000087700000| PB 0x0000000087700000| Untracked 
| 120|0x0000000087800000, 0x0000000087900000, 0x0000000087900000|100%| O|  |TAMS 0x0000000087800000| PB 0x0000000087800000| Untracked 
| 121|0x0000000087900000, 0x0000000087a00000, 0x0000000087a00000|100%| O|  |TAMS 0x0000000087900000| PB 0x0000000087900000| Untracked 
| 122|0x0000000087a00000, 0x0000000087b00000, 0x0000000087b00000|100%| O|  |TAMS 0x0000000087a00000| PB 0x0000000087a00000| Untracked 
| 123|0x0000000087b00000, 0x0000000087b00000, 0x0000000087c00000|  0%| F|  |TAMS 0x0000000087b00000| PB 0x0000000087b00000| Untracked 
| 124|0x0000000087c00000, 0x0000000087d00000, 0x0000000087d00000|100%| O|  |TAMS 0x0000000087c00000| PB 0x0000000087c00000| Untracked 
| 125|0x0000000087d00000, 0x0000000087d00000, 0x0000000087e00000|  0%| F|  |TAMS 0x0000000087d00000| PB 0x0000000087d00000| Untracked 
| 126|0x0000000087e00000, 0x0000000087f00000, 0x0000000087f00000|100%|HS|  |TAMS 0x0000000087e00000| PB 0x0000000087e00000| Complete 
| 127|0x0000000087f00000, 0x0000000088000000, 0x0000000088000000|100%|HC|  |TAMS 0x0000000087f00000| PB 0x0000000087f00000| Complete 
| 128|0x0000000088000000, 0x0000000088100000, 0x0000000088100000|100%| O|  |TAMS 0x0000000088000000| PB 0x0000000088000000| Untracked 
| 129|0x0000000088100000, 0x0000000088100000, 0x0000000088200000|  0%| F|  |TAMS 0x0000000088100000| PB 0x0000000088100000| Untracked 
| 130|0x0000000088200000, 0x0000000088300000, 0x0000000088300000|100%| O|  |TAMS 0x0000000088200000| PB 0x0000000088200000| Untracked 
| 131|0x0000000088300000, 0x0000000088400000, 0x0000000088400000|100%| O|  |TAMS 0x0000000088300000| PB 0x0000000088300000| Untracked 
| 132|0x0000000088400000, 0x0000000088500000, 0x0000000088500000|100%| O|  |TAMS 0x0000000088400000| PB 0x0000000088400000| Untracked 
| 133|0x0000000088500000, 0x0000000088600000, 0x0000000088600000|100%|HS|  |TAMS 0x0000000088500000| PB 0x0000000088500000| Complete 
| 134|0x0000000088600000, 0x0000000088700000, 0x0000000088700000|100%|HC|  |TAMS 0x0000000088600000| PB 0x0000000088600000| Complete 
| 135|0x0000000088700000, 0x0000000088800000, 0x0000000088800000|100%| O|  |TAMS 0x0000000088700000| PB 0x0000000088700000| Untracked 
| 136|0x0000000088800000, 0x0000000088900000, 0x0000000088900000|100%| O|  |TAMS 0x0000000088800000| PB 0x0000000088800000| Untracked 
| 137|0x0000000088900000, 0x0000000088a00000, 0x0000000088a00000|100%| O|  |TAMS 0x0000000088900000| PB 0x0000000088900000| Untracked 
| 138|0x0000000088a00000, 0x0000000088b00000, 0x0000000088b00000|100%| O|  |TAMS 0x0000000088a00000| PB 0x0000000088a00000| Untracked 
| 139|0x0000000088b00000, 0x0000000088c00000, 0x0000000088c00000|100%| O|  |TAMS 0x0000000088b00000| PB 0x0000000088b00000| Untracked 
| 140|0x0000000088c00000, 0x0000000088d00000, 0x0000000088d00000|100%| O|  |TAMS 0x0000000088c00000| PB 0x0000000088c00000| Untracked 
| 141|0x0000000088d00000, 0x0000000088e00000, 0x0000000088e00000|100%| O|  |TAMS 0x0000000088d00000| PB 0x0000000088d00000| Untracked 
| 142|0x0000000088e00000, 0x0000000088f00000, 0x0000000088f00000|100%| O|  |TAMS 0x0000000088e00000| PB 0x0000000088e00000| Untracked 
| 143|0x0000000088f00000, 0x0000000088f00000, 0x0000000089000000|  0%| F|  |TAMS 0x0000000088f00000| PB 0x0000000088f00000| Untracked 
| 144|0x0000000089000000, 0x0000000089100000, 0x0000000089100000|100%| O|  |TAMS 0x0000000089000000| PB 0x0000000089000000| Untracked 
| 145|0x0000000089100000, 0x0000000089200000, 0x0000000089200000|100%| O|  |TAMS 0x0000000089100000| PB 0x0000000089100000| Untracked 
| 146|0x0000000089200000, 0x0000000089300000, 0x0000000089300000|100%| O|  |TAMS 0x0000000089200000| PB 0x0000000089200000| Untracked 
| 147|0x0000000089300000, 0x0000000089400000, 0x0000000089400000|100%| O|  |TAMS 0x0000000089300000| PB 0x0000000089300000| Untracked 
| 148|0x0000000089400000, 0x0000000089500000, 0x0000000089500000|100%| O|  |TAMS 0x0000000089400000| PB 0x0000000089400000| Untracked 
| 149|0x0000000089500000, 0x0000000089600000, 0x0000000089600000|100%| O|  |TAMS 0x0000000089500000| PB 0x0000000089500000| Untracked 
| 150|0x0000000089600000, 0x0000000089700000, 0x0000000089700000|100%| O|  |TAMS 0x0000000089600000| PB 0x0000000089600000| Untracked 
| 151|0x0000000089700000, 0x0000000089800000, 0x0000000089800000|100%| O|  |TAMS 0x0000000089700000| PB 0x0000000089700000| Untracked 
| 152|0x0000000089800000, 0x0000000089900000, 0x0000000089900000|100%| O|  |TAMS 0x0000000089800000| PB 0x0000000089800000| Untracked 
| 153|0x0000000089900000, 0x0000000089a00000, 0x0000000089a00000|100%| O|  |TAMS 0x0000000089900000| PB 0x0000000089900000| Untracked 
| 154|0x0000000089a00000, 0x0000000089b00000, 0x0000000089b00000|100%| O|  |TAMS 0x0000000089a00000| PB 0x0000000089a00000| Untracked 
| 155|0x0000000089b00000, 0x0000000089c00000, 0x0000000089c00000|100%| O|  |TAMS 0x0000000089b00000| PB 0x0000000089b00000| Untracked 
| 156|0x0000000089c00000, 0x0000000089d00000, 0x0000000089d00000|100%| O|  |TAMS 0x0000000089c00000| PB 0x0000000089c00000| Untracked 
| 157|0x0000000089d00000, 0x0000000089e00000, 0x0000000089e00000|100%| O|  |TAMS 0x0000000089d00000| PB 0x0000000089d00000| Untracked 
| 158|0x0000000089e00000, 0x0000000089f00000, 0x0000000089f00000|100%| O|  |TAMS 0x0000000089e00000| PB 0x0000000089e00000| Untracked 
| 159|0x0000000089f00000, 0x000000008a000000, 0x000000008a000000|100%| O|  |TAMS 0x0000000089f00000| PB 0x0000000089f00000| Untracked 
| 160|0x000000008a000000, 0x000000008a100000, 0x000000008a100000|100%| O|  |TAMS 0x000000008a000000| PB 0x000000008a000000| Untracked 
| 161|0x000000008a100000, 0x000000008a200000, 0x000000008a200000|100%| O|  |TAMS 0x000000008a100000| PB 0x000000008a100000| Untracked 
| 162|0x000000008a200000, 0x000000008a300000, 0x000000008a300000|100%| O|  |TAMS 0x000000008a200000| PB 0x000000008a200000| Untracked 
| 163|0x000000008a300000, 0x000000008a400000, 0x000000008a400000|100%| O|  |TAMS 0x000000008a300000| PB 0x000000008a300000| Untracked 
| 164|0x000000008a400000, 0x000000008a400000, 0x000000008a500000|  0%| F|  |TAMS 0x000000008a400000| PB 0x000000008a400000| Untracked 
| 165|0x000000008a500000, 0x000000008a600000, 0x000000008a600000|100%| O|  |TAMS 0x000000008a500000| PB 0x000000008a500000| Untracked 
| 166|0x000000008a600000, 0x000000008a700000, 0x000000008a700000|100%| O|  |TAMS 0x000000008a600000| PB 0x000000008a600000| Untracked 
| 167|0x000000008a700000, 0x000000008a800000, 0x000000008a800000|100%| O|  |TAMS 0x000000008a700000| PB 0x000000008a700000| Untracked 
| 168|0x000000008a800000, 0x000000008a900000, 0x000000008a900000|100%| O|  |TAMS 0x000000008a800000| PB 0x000000008a800000| Untracked 
| 169|0x000000008a900000, 0x000000008aa00000, 0x000000008aa00000|100%| O|  |TAMS 0x000000008a900000| PB 0x000000008a900000| Untracked 
| 170|0x000000008aa00000, 0x000000008aa00000, 0x000000008ab00000|  0%| F|  |TAMS 0x000000008aa00000| PB 0x000000008aa00000| Untracked 
| 171|0x000000008ab00000, 0x000000008ab00000, 0x000000008ac00000|  0%| F|  |TAMS 0x000000008ab00000| PB 0x000000008ab00000| Untracked 
| 172|0x000000008ac00000, 0x000000008ad00000, 0x000000008ad00000|100%| O|  |TAMS 0x000000008ac00000| PB 0x000000008ac00000| Untracked 
| 173|0x000000008ad00000, 0x000000008ae00000, 0x000000008ae00000|100%| O|  |TAMS 0x000000008ad00000| PB 0x000000008ad00000| Untracked 
| 174|0x000000008ae00000, 0x000000008af00000, 0x000000008af00000|100%| O|  |TAMS 0x000000008ae00000| PB 0x000000008ae00000| Untracked 
| 175|0x000000008af00000, 0x000000008b000000, 0x000000008b000000|100%| O|  |TAMS 0x000000008af00000| PB 0x000000008af00000| Untracked 
| 176|0x000000008b000000, 0x000000008b000000, 0x000000008b100000|  0%| F|  |TAMS 0x000000008b000000| PB 0x000000008b000000| Untracked 
| 177|0x000000008b100000, 0x000000008b100000, 0x000000008b200000|  0%| F|  |TAMS 0x000000008b100000| PB 0x000000008b100000| Untracked 
| 178|0x000000008b200000, 0x000000008b200000, 0x000000008b300000|  0%| F|  |TAMS 0x000000008b200000| PB 0x000000008b200000| Untracked 
| 179|0x000000008b300000, 0x000000008b300000, 0x000000008b400000|  0%| F|  |TAMS 0x000000008b300000| PB 0x000000008b300000| Untracked 
| 180|0x000000008b400000, 0x000000008b400000, 0x000000008b500000|  0%| F|  |TAMS 0x000000008b400000| PB 0x000000008b400000| Untracked 
| 181|0x000000008b500000, 0x000000008b500000, 0x000000008b600000|  0%| F|  |TAMS 0x000000008b500000| PB 0x000000008b500000| Untracked 
| 182|0x000000008b600000, 0x000000008b600000, 0x000000008b700000|  0%| F|  |TAMS 0x000000008b600000| PB 0x000000008b600000| Untracked 
| 183|0x000000008b700000, 0x000000008b700000, 0x000000008b800000|  0%| F|  |TAMS 0x000000008b700000| PB 0x000000008b700000| Untracked 
| 184|0x000000008b800000, 0x000000008b800000, 0x000000008b900000|  0%| F|  |TAMS 0x000000008b800000| PB 0x000000008b800000| Untracked 
| 185|0x000000008b900000, 0x000000008b900000, 0x000000008ba00000|  0%| F|  |TAMS 0x000000008b900000| PB 0x000000008b900000| Untracked 
| 186|0x000000008ba00000, 0x000000008ba00000, 0x000000008bb00000|  0%| F|  |TAMS 0x000000008ba00000| PB 0x000000008ba00000| Untracked 
| 187|0x000000008bb00000, 0x000000008bb00000, 0x000000008bc00000|  0%| F|  |TAMS 0x000000008bb00000| PB 0x000000008bb00000| Untracked 
| 188|0x000000008bc00000, 0x000000008bc00000, 0x000000008bd00000|  0%| F|  |TAMS 0x000000008bc00000| PB 0x000000008bc00000| Untracked 
| 189|0x000000008bd00000, 0x000000008bd00000, 0x000000008be00000|  0%| F|  |TAMS 0x000000008bd00000| PB 0x000000008bd00000| Untracked 
| 190|0x000000008be00000, 0x000000008be00000, 0x000000008bf00000|  0%| F|  |TAMS 0x000000008be00000| PB 0x000000008be00000| Untracked 
| 191|0x000000008bf00000, 0x000000008bf00000, 0x000000008c000000|  0%| F|  |TAMS 0x000000008bf00000| PB 0x000000008bf00000| Untracked 
| 192|0x000000008c000000, 0x000000008c000000, 0x000000008c100000|  0%| F|  |TAMS 0x000000008c000000| PB 0x000000008c000000| Untracked 
| 193|0x000000008c100000, 0x000000008c100000, 0x000000008c200000|  0%| F|  |TAMS 0x000000008c100000| PB 0x000000008c100000| Untracked 
| 194|0x000000008c200000, 0x000000008c200000, 0x000000008c300000|  0%| F|  |TAMS 0x000000008c200000| PB 0x000000008c200000| Untracked 
| 195|0x000000008c300000, 0x000000008c300000, 0x000000008c400000|  0%| F|  |TAMS 0x000000008c300000| PB 0x000000008c300000| Untracked 
| 196|0x000000008c400000, 0x000000008c400000, 0x000000008c500000|  0%| F|  |TAMS 0x000000008c400000| PB 0x000000008c400000| Untracked 
| 197|0x000000008c500000, 0x000000008c500000, 0x000000008c600000|  0%| F|  |TAMS 0x000000008c500000| PB 0x000000008c500000| Untracked 
| 198|0x000000008c600000, 0x000000008c600000, 0x000000008c700000|  0%| F|  |TAMS 0x000000008c600000| PB 0x000000008c600000| Untracked 
| 199|0x000000008c700000, 0x000000008c700000, 0x000000008c800000|  0%| F|  |TAMS 0x000000008c700000| PB 0x000000008c700000| Untracked 
| 200|0x000000008c800000, 0x000000008c800000, 0x000000008c900000|  0%| F|  |TAMS 0x000000008c800000| PB 0x000000008c800000| Untracked 
| 201|0x000000008c900000, 0x000000008ca00000, 0x000000008ca00000|100%| O|  |TAMS 0x000000008c900000| PB 0x000000008c900000| Untracked 
| 202|0x000000008ca00000, 0x000000008ca00000, 0x000000008cb00000|  0%| F|  |TAMS 0x000000008ca00000| PB 0x000000008ca00000| Untracked 
| 203|0x000000008cb00000, 0x000000008cb00000, 0x000000008cc00000|  0%| F|  |TAMS 0x000000008cb00000| PB 0x000000008cb00000| Untracked 
| 204|0x000000008cc00000, 0x000000008cc00000, 0x000000008cd00000|  0%| F|  |TAMS 0x000000008cc00000| PB 0x000000008cc00000| Untracked 
| 205|0x000000008cd00000, 0x000000008cd00000, 0x000000008ce00000|  0%| F|  |TAMS 0x000000008cd00000| PB 0x000000008cd00000| Untracked 
| 206|0x000000008ce00000, 0x000000008ce00000, 0x000000008cf00000|  0%| F|  |TAMS 0x000000008ce00000| PB 0x000000008ce00000| Untracked 
| 207|0x000000008cf00000, 0x000000008cf00000, 0x000000008d000000|  0%| F|  |TAMS 0x000000008cf00000| PB 0x000000008cf00000| Untracked 
| 208|0x000000008d000000, 0x000000008d000000, 0x000000008d100000|  0%| F|  |TAMS 0x000000008d000000| PB 0x000000008d000000| Untracked 
| 209|0x000000008d100000, 0x000000008d100000, 0x000000008d200000|  0%| F|  |TAMS 0x000000008d100000| PB 0x000000008d100000| Untracked 
| 210|0x000000008d200000, 0x000000008d200000, 0x000000008d300000|  0%| F|  |TAMS 0x000000008d200000| PB 0x000000008d200000| Untracked 
| 211|0x000000008d300000, 0x000000008d300000, 0x000000008d400000|  0%| F|  |TAMS 0x000000008d300000| PB 0x000000008d300000| Untracked 
| 212|0x000000008d400000, 0x000000008d400000, 0x000000008d500000|  0%| F|  |TAMS 0x000000008d400000| PB 0x000000008d400000| Untracked 
| 213|0x000000008d500000, 0x000000008d500000, 0x000000008d600000|  0%| F|  |TAMS 0x000000008d500000| PB 0x000000008d500000| Untracked 
| 214|0x000000008d600000, 0x000000008d600000, 0x000000008d700000|  0%| F|  |TAMS 0x000000008d600000| PB 0x000000008d600000| Untracked 
| 215|0x000000008d700000, 0x000000008d700000, 0x000000008d800000|  0%| F|  |TAMS 0x000000008d700000| PB 0x000000008d700000| Untracked 
| 216|0x000000008d800000, 0x000000008d800000, 0x000000008d900000|  0%| F|  |TAMS 0x000000008d800000| PB 0x000000008d800000| Untracked 
| 217|0x000000008d900000, 0x000000008d900000, 0x000000008da00000|  0%| F|  |TAMS 0x000000008d900000| PB 0x000000008d900000| Untracked 
| 218|0x000000008da00000, 0x000000008da00000, 0x000000008db00000|  0%| F|  |TAMS 0x000000008da00000| PB 0x000000008da00000| Untracked 
| 219|0x000000008db00000, 0x000000008db00000, 0x000000008dc00000|  0%| F|  |TAMS 0x000000008db00000| PB 0x000000008db00000| Untracked 
| 220|0x000000008dc00000, 0x000000008dc00000, 0x000000008dd00000|  0%| F|  |TAMS 0x000000008dc00000| PB 0x000000008dc00000| Untracked 
| 221|0x000000008dd00000, 0x000000008dd00000, 0x000000008de00000|  0%| F|  |TAMS 0x000000008dd00000| PB 0x000000008dd00000| Untracked 
| 222|0x000000008de00000, 0x000000008de00000, 0x000000008df00000|  0%| F|  |TAMS 0x000000008de00000| PB 0x000000008de00000| Untracked 
| 223|0x000000008df00000, 0x000000008df00000, 0x000000008e000000|  0%| F|  |TAMS 0x000000008df00000| PB 0x000000008df00000| Untracked 
| 224|0x000000008e000000, 0x000000008e000000, 0x000000008e100000|  0%| F|  |TAMS 0x000000008e000000| PB 0x000000008e000000| Untracked 
| 225|0x000000008e100000, 0x000000008e100000, 0x000000008e200000|  0%| F|  |TAMS 0x000000008e100000| PB 0x000000008e100000| Untracked 
| 226|0x000000008e200000, 0x000000008e200000, 0x000000008e300000|  0%| F|  |TAMS 0x000000008e200000| PB 0x000000008e200000| Untracked 
| 227|0x000000008e300000, 0x000000008e300000, 0x000000008e400000|  0%| F|  |TAMS 0x000000008e300000| PB 0x000000008e300000| Untracked 
| 228|0x000000008e400000, 0x000000008e400000, 0x000000008e500000|  0%| F|  |TAMS 0x000000008e400000| PB 0x000000008e400000| Untracked 
| 229|0x000000008e500000, 0x000000008e500000, 0x000000008e600000|  0%| F|  |TAMS 0x000000008e500000| PB 0x000000008e500000| Untracked 
| 230|0x000000008e600000, 0x000000008e600000, 0x000000008e700000|  0%| F|  |TAMS 0x000000008e600000| PB 0x000000008e600000| Untracked 
| 231|0x000000008e700000, 0x000000008e700000, 0x000000008e800000|  0%| F|  |TAMS 0x000000008e700000| PB 0x000000008e700000| Untracked 
| 232|0x000000008e800000, 0x000000008e800000, 0x000000008e900000|  0%| F|  |TAMS 0x000000008e800000| PB 0x000000008e800000| Untracked 
| 233|0x000000008e900000, 0x000000008e900000, 0x000000008ea00000|  0%| F|  |TAMS 0x000000008e900000| PB 0x000000008e900000| Untracked 
| 234|0x000000008ea00000, 0x000000008ea00000, 0x000000008eb00000|  0%| F|  |TAMS 0x000000008ea00000| PB 0x000000008ea00000| Untracked 
| 235|0x000000008eb00000, 0x000000008eb00000, 0x000000008ec00000|  0%| F|  |TAMS 0x000000008eb00000| PB 0x000000008eb00000| Untracked 
| 236|0x000000008ec00000, 0x000000008ec00000, 0x000000008ed00000|  0%| F|  |TAMS 0x000000008ec00000| PB 0x000000008ec00000| Untracked 
| 237|0x000000008ed00000, 0x000000008ed00000, 0x000000008ee00000|  0%| F|  |TAMS 0x000000008ed00000| PB 0x000000008ed00000| Untracked 
| 238|0x000000008ee00000, 0x000000008ee00000, 0x000000008ef00000|  0%| F|  |TAMS 0x000000008ee00000| PB 0x000000008ee00000| Untracked 
| 239|0x000000008ef00000, 0x000000008ef00000, 0x000000008f000000|  0%| F|  |TAMS 0x000000008ef00000| PB 0x000000008ef00000| Untracked 
| 240|0x000000008f000000, 0x000000008f000000, 0x000000008f100000|  0%| F|  |TAMS 0x000000008f000000| PB 0x000000008f000000| Untracked 
| 241|0x000000008f100000, 0x000000008f100000, 0x000000008f200000|  0%| F|  |TAMS 0x000000008f100000| PB 0x000000008f100000| Untracked 
| 242|0x000000008f200000, 0x000000008f200000, 0x000000008f300000|  0%| F|  |TAMS 0x000000008f200000| PB 0x000000008f200000| Untracked 
| 243|0x000000008f300000, 0x000000008f300000, 0x000000008f400000|  0%| F|  |TAMS 0x000000008f300000| PB 0x000000008f300000| Untracked 
| 244|0x000000008f400000, 0x000000008f400000, 0x000000008f500000|  0%| F|  |TAMS 0x000000008f400000| PB 0x000000008f400000| Untracked 
| 245|0x000000008f500000, 0x000000008f500000, 0x000000008f600000|  0%| F|  |TAMS 0x000000008f500000| PB 0x000000008f500000| Untracked 
| 246|0x000000008f600000, 0x000000008f600000, 0x000000008f700000|  0%| F|  |TAMS 0x000000008f600000| PB 0x000000008f600000| Untracked 
| 247|0x000000008f700000, 0x000000008f700000, 0x000000008f800000|  0%| F|  |TAMS 0x000000008f700000| PB 0x000000008f700000| Untracked 
| 248|0x000000008f800000, 0x000000008f800000, 0x000000008f900000|  0%| F|  |TAMS 0x000000008f800000| PB 0x000000008f800000| Untracked 
| 249|0x000000008f900000, 0x000000008f900000, 0x000000008fa00000|  0%| F|  |TAMS 0x000000008f900000| PB 0x000000008f900000| Untracked 
| 250|0x000000008fa00000, 0x000000008fa00000, 0x000000008fb00000|  0%| F|  |TAMS 0x000000008fa00000| PB 0x000000008fa00000| Untracked 
| 251|0x000000008fb00000, 0x000000008fb00000, 0x000000008fc00000|  0%| F|  |TAMS 0x000000008fb00000| PB 0x000000008fb00000| Untracked 
| 252|0x000000008fc00000, 0x000000008fc00000, 0x000000008fd00000|  0%| F|  |TAMS 0x000000008fc00000| PB 0x000000008fc00000| Untracked 
| 253|0x000000008fd00000, 0x000000008fd00000, 0x000000008fe00000|  0%| F|  |TAMS 0x000000008fd00000| PB 0x000000008fd00000| Untracked 
| 254|0x000000008fe00000, 0x000000008fe00000, 0x000000008ff00000|  0%| F|  |TAMS 0x000000008fe00000| PB 0x000000008fe00000| Untracked 
| 255|0x000000008ff00000, 0x000000008ff00000, 0x0000000090000000|  0%| F|  |TAMS 0x000000008ff00000| PB 0x000000008ff00000| Untracked 
| 256|0x0000000090000000, 0x0000000090000000, 0x0000000090100000|  0%| F|  |TAMS 0x0000000090000000| PB 0x0000000090000000| Untracked 
| 257|0x0000000090100000, 0x0000000090100000, 0x0000000090200000|  0%| F|  |TAMS 0x0000000090100000| PB 0x0000000090100000| Untracked 
| 258|0x0000000090200000, 0x0000000090200000, 0x0000000090300000|  0%| F|  |TAMS 0x0000000090200000| PB 0x0000000090200000| Untracked 
| 259|0x0000000090300000, 0x0000000090300000, 0x0000000090400000|  0%| F|  |TAMS 0x0000000090300000| PB 0x0000000090300000| Untracked 
| 260|0x0000000090400000, 0x0000000090400000, 0x0000000090500000|  0%| F|  |TAMS 0x0000000090400000| PB 0x0000000090400000| Untracked 
| 261|0x0000000090500000, 0x0000000090500000, 0x0000000090600000|  0%| F|  |TAMS 0x0000000090500000| PB 0x0000000090500000| Untracked 
| 262|0x0000000090600000, 0x0000000090600000, 0x0000000090700000|  0%| F|  |TAMS 0x0000000090600000| PB 0x0000000090600000| Untracked 
| 263|0x0000000090700000, 0x0000000090700000, 0x0000000090800000|  0%| F|  |TAMS 0x0000000090700000| PB 0x0000000090700000| Untracked 
| 264|0x0000000090800000, 0x0000000090800000, 0x0000000090900000|  0%| F|  |TAMS 0x0000000090800000| PB 0x0000000090800000| Untracked 
| 265|0x0000000090900000, 0x0000000090900000, 0x0000000090a00000|  0%| F|  |TAMS 0x0000000090900000| PB 0x0000000090900000| Untracked 
| 266|0x0000000090a00000, 0x0000000090a00000, 0x0000000090b00000|  0%| F|  |TAMS 0x0000000090a00000| PB 0x0000000090a00000| Untracked 
| 267|0x0000000090b00000, 0x0000000090b00000, 0x0000000090c00000|  0%| F|  |TAMS 0x0000000090b00000| PB 0x0000000090b00000| Untracked 
| 268|0x0000000090c00000, 0x0000000090c00000, 0x0000000090d00000|  0%| F|  |TAMS 0x0000000090c00000| PB 0x0000000090c00000| Untracked 
| 269|0x0000000090d00000, 0x0000000090d00000, 0x0000000090e00000|  0%| F|  |TAMS 0x0000000090d00000| PB 0x0000000090d00000| Untracked 
| 270|0x0000000090e00000, 0x0000000090e00000, 0x0000000090f00000|  0%| F|  |TAMS 0x0000000090e00000| PB 0x0000000090e00000| Untracked 
| 271|0x0000000090f00000, 0x0000000090f00000, 0x0000000091000000|  0%| F|  |TAMS 0x0000000090f00000| PB 0x0000000090f00000| Untracked 
| 272|0x0000000091000000, 0x0000000091000000, 0x0000000091100000|  0%| F|  |TAMS 0x0000000091000000| PB 0x0000000091000000| Untracked 
| 273|0x0000000091100000, 0x0000000091100000, 0x0000000091200000|  0%| F|  |TAMS 0x0000000091100000| PB 0x0000000091100000| Untracked 
| 274|0x0000000091200000, 0x0000000091200000, 0x0000000091300000|  0%| F|  |TAMS 0x0000000091200000| PB 0x0000000091200000| Untracked 
| 275|0x0000000091300000, 0x0000000091300000, 0x0000000091400000|  0%| F|  |TAMS 0x0000000091300000| PB 0x0000000091300000| Untracked 
| 276|0x0000000091400000, 0x0000000091400000, 0x0000000091500000|  0%| F|  |TAMS 0x0000000091400000| PB 0x0000000091400000| Untracked 
| 277|0x0000000091500000, 0x0000000091500000, 0x0000000091600000|  0%| F|  |TAMS 0x0000000091500000| PB 0x0000000091500000| Untracked 
| 278|0x0000000091600000, 0x0000000091600000, 0x0000000091700000|  0%| F|  |TAMS 0x0000000091600000| PB 0x0000000091600000| Untracked 
| 279|0x0000000091700000, 0x0000000091700000, 0x0000000091800000|  0%| F|  |TAMS 0x0000000091700000| PB 0x0000000091700000| Untracked 
| 280|0x0000000091800000, 0x0000000091800000, 0x0000000091900000|  0%| F|  |TAMS 0x0000000091800000| PB 0x0000000091800000| Untracked 
| 281|0x0000000091900000, 0x0000000091900000, 0x0000000091a00000|  0%| F|  |TAMS 0x0000000091900000| PB 0x0000000091900000| Untracked 
| 282|0x0000000091a00000, 0x0000000091a00000, 0x0000000091b00000|  0%| F|  |TAMS 0x0000000091a00000| PB 0x0000000091a00000| Untracked 
| 283|0x0000000091b00000, 0x0000000091b00000, 0x0000000091c00000|  0%| F|  |TAMS 0x0000000091b00000| PB 0x0000000091b00000| Untracked 
| 284|0x0000000091c00000, 0x0000000091c00000, 0x0000000091d00000|  0%| F|  |TAMS 0x0000000091c00000| PB 0x0000000091c00000| Untracked 
| 285|0x0000000091d00000, 0x0000000091d00000, 0x0000000091e00000|  0%| F|  |TAMS 0x0000000091d00000| PB 0x0000000091d00000| Untracked 
| 286|0x0000000091e00000, 0x0000000091e00000, 0x0000000091f00000|  0%| F|  |TAMS 0x0000000091e00000| PB 0x0000000091e00000| Untracked 
| 287|0x0000000091f00000, 0x0000000091f00000, 0x0000000092000000|  0%| F|  |TAMS 0x0000000091f00000| PB 0x0000000091f00000| Untracked 
| 288|0x0000000092000000, 0x0000000092000000, 0x0000000092100000|  0%| F|  |TAMS 0x0000000092000000| PB 0x0000000092000000| Untracked 
| 289|0x0000000092100000, 0x0000000092100000, 0x0000000092200000|  0%| F|  |TAMS 0x0000000092100000| PB 0x0000000092100000| Untracked 
| 290|0x0000000092200000, 0x0000000092200000, 0x0000000092300000|  0%| F|  |TAMS 0x0000000092200000| PB 0x0000000092200000| Untracked 
| 291|0x0000000092300000, 0x0000000092300000, 0x0000000092400000|  0%| F|  |TAMS 0x0000000092300000| PB 0x0000000092300000| Untracked 
| 292|0x0000000092400000, 0x0000000092400000, 0x0000000092500000|  0%| F|  |TAMS 0x0000000092400000| PB 0x0000000092400000| Untracked 
| 293|0x0000000092500000, 0x0000000092500000, 0x0000000092600000|  0%| F|  |TAMS 0x0000000092500000| PB 0x0000000092500000| Untracked 
| 294|0x0000000092600000, 0x0000000092600000, 0x0000000092700000|  0%| F|  |TAMS 0x0000000092600000| PB 0x0000000092600000| Untracked 
| 295|0x0000000092700000, 0x0000000092700000, 0x0000000092800000|  0%| F|  |TAMS 0x0000000092700000| PB 0x0000000092700000| Untracked 
| 296|0x0000000092800000, 0x0000000092800000, 0x0000000092900000|  0%| F|  |TAMS 0x0000000092800000| PB 0x0000000092800000| Untracked 
| 297|0x0000000092900000, 0x0000000092900000, 0x0000000092a00000|  0%| F|  |TAMS 0x0000000092900000| PB 0x0000000092900000| Untracked 
| 298|0x0000000092a00000, 0x0000000092a00000, 0x0000000092b00000|  0%| F|  |TAMS 0x0000000092a00000| PB 0x0000000092a00000| Untracked 
| 299|0x0000000092b00000, 0x0000000092b00000, 0x0000000092c00000|  0%| F|  |TAMS 0x0000000092b00000| PB 0x0000000092b00000| Untracked 
| 300|0x0000000092c00000, 0x0000000092c00000, 0x0000000092d00000|  0%| F|  |TAMS 0x0000000092c00000| PB 0x0000000092c00000| Untracked 
| 301|0x0000000092d00000, 0x0000000092d00000, 0x0000000092e00000|  0%| F|  |TAMS 0x0000000092d00000| PB 0x0000000092d00000| Untracked 
| 302|0x0000000092e00000, 0x0000000092e00000, 0x0000000092f00000|  0%| F|  |TAMS 0x0000000092e00000| PB 0x0000000092e00000| Untracked 
| 303|0x0000000092f00000, 0x0000000092f00000, 0x0000000093000000|  0%| F|  |TAMS 0x0000000092f00000| PB 0x0000000092f00000| Untracked 
| 304|0x0000000093000000, 0x0000000093000000, 0x0000000093100000|  0%| F|  |TAMS 0x0000000093000000| PB 0x0000000093000000| Untracked 
| 305|0x0000000093100000, 0x0000000093100000, 0x0000000093200000|  0%| F|  |TAMS 0x0000000093100000| PB 0x0000000093100000| Untracked 
| 306|0x0000000093200000, 0x0000000093200000, 0x0000000093300000|  0%| F|  |TAMS 0x0000000093200000| PB 0x0000000093200000| Untracked 
| 307|0x0000000093300000, 0x0000000093300000, 0x0000000093400000|  0%| F|  |TAMS 0x0000000093300000| PB 0x0000000093300000| Untracked 
| 308|0x0000000093400000, 0x0000000093400000, 0x0000000093500000|  0%| F|  |TAMS 0x0000000093400000| PB 0x0000000093400000| Untracked 
| 309|0x0000000093500000, 0x0000000093500000, 0x0000000093600000|  0%| F|  |TAMS 0x0000000093500000| PB 0x0000000093500000| Untracked 
| 310|0x0000000093600000, 0x0000000093600000, 0x0000000093700000|  0%| F|  |TAMS 0x0000000093600000| PB 0x0000000093600000| Untracked 
| 311|0x0000000093700000, 0x0000000093700000, 0x0000000093800000|  0%| F|  |TAMS 0x0000000093700000| PB 0x0000000093700000| Untracked 
| 312|0x0000000093800000, 0x0000000093800000, 0x0000000093900000|  0%| F|  |TAMS 0x0000000093800000| PB 0x0000000093800000| Untracked 
| 313|0x0000000093900000, 0x0000000093900000, 0x0000000093a00000|  0%| F|  |TAMS 0x0000000093900000| PB 0x0000000093900000| Untracked 
| 314|0x0000000093a00000, 0x0000000093a00000, 0x0000000093b00000|  0%| F|  |TAMS 0x0000000093a00000| PB 0x0000000093a00000| Untracked 
| 315|0x0000000093b00000, 0x0000000093b00000, 0x0000000093c00000|  0%| F|  |TAMS 0x0000000093b00000| PB 0x0000000093b00000| Untracked 
| 316|0x0000000093c00000, 0x0000000093c00000, 0x0000000093d00000|  0%| F|  |TAMS 0x0000000093c00000| PB 0x0000000093c00000| Untracked 
| 317|0x0000000093d00000, 0x0000000093d00000, 0x0000000093e00000|  0%| F|  |TAMS 0x0000000093d00000| PB 0x0000000093d00000| Untracked 
| 318|0x0000000093e00000, 0x0000000093e00000, 0x0000000093f00000|  0%| F|  |TAMS 0x0000000093e00000| PB 0x0000000093e00000| Untracked 
| 319|0x0000000093f00000, 0x0000000093f00000, 0x0000000094000000|  0%| F|  |TAMS 0x0000000093f00000| PB 0x0000000093f00000| Untracked 
| 320|0x0000000094000000, 0x0000000094000000, 0x0000000094100000|  0%| F|  |TAMS 0x0000000094000000| PB 0x0000000094000000| Untracked 
| 321|0x0000000094100000, 0x0000000094100000, 0x0000000094200000|  0%| F|  |TAMS 0x0000000094100000| PB 0x0000000094100000| Untracked 
| 322|0x0000000094200000, 0x0000000094200000, 0x0000000094300000|  0%| F|  |TAMS 0x0000000094200000| PB 0x0000000094200000| Untracked 
| 323|0x0000000094300000, 0x0000000094300000, 0x0000000094400000|  0%| F|  |TAMS 0x0000000094300000| PB 0x0000000094300000| Untracked 
| 324|0x0000000094400000, 0x0000000094400000, 0x0000000094500000|  0%| F|  |TAMS 0x0000000094400000| PB 0x0000000094400000| Untracked 
| 325|0x0000000094500000, 0x0000000094500000, 0x0000000094600000|  0%| F|  |TAMS 0x0000000094500000| PB 0x0000000094500000| Untracked 
| 326|0x0000000094600000, 0x0000000094600000, 0x0000000094700000|  0%| F|  |TAMS 0x0000000094600000| PB 0x0000000094600000| Untracked 
| 327|0x0000000094700000, 0x0000000094700000, 0x0000000094800000|  0%| F|  |TAMS 0x0000000094700000| PB 0x0000000094700000| Untracked 
| 328|0x0000000094800000, 0x0000000094800000, 0x0000000094900000|  0%| F|  |TAMS 0x0000000094800000| PB 0x0000000094800000| Untracked 
| 329|0x0000000094900000, 0x0000000094900000, 0x0000000094a00000|  0%| F|  |TAMS 0x0000000094900000| PB 0x0000000094900000| Untracked 
| 330|0x0000000094a00000, 0x0000000094a00000, 0x0000000094b00000|  0%| F|  |TAMS 0x0000000094a00000| PB 0x0000000094a00000| Untracked 
| 331|0x0000000094b00000, 0x0000000094b00000, 0x0000000094c00000|  0%| F|  |TAMS 0x0000000094b00000| PB 0x0000000094b00000| Untracked 
| 332|0x0000000094c00000, 0x0000000094c00000, 0x0000000094d00000|  0%| F|  |TAMS 0x0000000094c00000| PB 0x0000000094c00000| Untracked 
| 333|0x0000000094d00000, 0x0000000094d00000, 0x0000000094e00000|  0%| F|  |TAMS 0x0000000094d00000| PB 0x0000000094d00000| Untracked 
| 334|0x0000000094e00000, 0x0000000094e00000, 0x0000000094f00000|  0%| F|  |TAMS 0x0000000094e00000| PB 0x0000000094e00000| Untracked 
| 335|0x0000000094f00000, 0x0000000094f00000, 0x0000000095000000|  0%| F|  |TAMS 0x0000000094f00000| PB 0x0000000094f00000| Untracked 
| 336|0x0000000095000000, 0x0000000095000000, 0x0000000095100000|  0%| F|  |TAMS 0x0000000095000000| PB 0x0000000095000000| Untracked 
| 337|0x0000000095100000, 0x0000000095100000, 0x0000000095200000|  0%| F|  |TAMS 0x0000000095100000| PB 0x0000000095100000| Untracked 
| 338|0x0000000095200000, 0x0000000095200000, 0x0000000095300000|  0%| F|  |TAMS 0x0000000095200000| PB 0x0000000095200000| Untracked 
| 339|0x0000000095300000, 0x0000000095300000, 0x0000000095400000|  0%| F|  |TAMS 0x0000000095300000| PB 0x0000000095300000| Untracked 
| 340|0x0000000095400000, 0x0000000095400000, 0x0000000095500000|  0%| F|  |TAMS 0x0000000095400000| PB 0x0000000095400000| Untracked 
| 341|0x0000000095500000, 0x0000000095500000, 0x0000000095600000|  0%| F|  |TAMS 0x0000000095500000| PB 0x0000000095500000| Untracked 
| 342|0x0000000095600000, 0x0000000095600000, 0x0000000095700000|  0%| F|  |TAMS 0x0000000095600000| PB 0x0000000095600000| Untracked 
| 343|0x0000000095700000, 0x0000000095700000, 0x0000000095800000|  0%| F|  |TAMS 0x0000000095700000| PB 0x0000000095700000| Untracked 
| 344|0x0000000095800000, 0x0000000095800000, 0x0000000095900000|  0%| F|  |TAMS 0x0000000095800000| PB 0x0000000095800000| Untracked 
| 345|0x0000000095900000, 0x0000000095900000, 0x0000000095a00000|  0%| F|  |TAMS 0x0000000095900000| PB 0x0000000095900000| Untracked 
| 346|0x0000000095a00000, 0x0000000095a00000, 0x0000000095b00000|  0%| F|  |TAMS 0x0000000095a00000| PB 0x0000000095a00000| Untracked 
| 347|0x0000000095b00000, 0x0000000095b00000, 0x0000000095c00000|  0%| F|  |TAMS 0x0000000095b00000| PB 0x0000000095b00000| Untracked 
| 348|0x0000000095c00000, 0x0000000095c00000, 0x0000000095d00000|  0%| F|  |TAMS 0x0000000095c00000| PB 0x0000000095c00000| Untracked 
| 349|0x0000000095d00000, 0x0000000095d00000, 0x0000000095e00000|  0%| F|  |TAMS 0x0000000095d00000| PB 0x0000000095d00000| Untracked 
| 350|0x0000000095e00000, 0x0000000095e00000, 0x0000000095f00000|  0%| F|  |TAMS 0x0000000095e00000| PB 0x0000000095e00000| Untracked 
| 351|0x0000000095f00000, 0x0000000095f00000, 0x0000000096000000|  0%| F|  |TAMS 0x0000000095f00000| PB 0x0000000095f00000| Untracked 
| 352|0x0000000096000000, 0x0000000096100000, 0x0000000096100000|100%| O|  |TAMS 0x0000000096000000| PB 0x0000000096000000| Untracked 
| 353|0x0000000096100000, 0x0000000096100000, 0x0000000096200000|  0%| F|  |TAMS 0x0000000096100000| PB 0x0000000096100000| Untracked 
| 354|0x0000000096200000, 0x0000000096200000, 0x0000000096300000|  0%| F|  |TAMS 0x0000000096200000| PB 0x0000000096200000| Untracked 
| 355|0x0000000096300000, 0x0000000096300000, 0x0000000096400000|  0%| F|  |TAMS 0x0000000096300000| PB 0x0000000096300000| Untracked 
| 356|0x0000000096400000, 0x0000000096400000, 0x0000000096500000|  0%| F|  |TAMS 0x0000000096400000| PB 0x0000000096400000| Untracked 
| 357|0x0000000096500000, 0x0000000096500000, 0x0000000096600000|  0%| F|  |TAMS 0x0000000096500000| PB 0x0000000096500000| Untracked 
| 358|0x0000000096600000, 0x0000000096600000, 0x0000000096700000|  0%| F|  |TAMS 0x0000000096600000| PB 0x0000000096600000| Untracked 
| 359|0x0000000096700000, 0x0000000096700000, 0x0000000096800000|  0%| F|  |TAMS 0x0000000096700000| PB 0x0000000096700000| Untracked 
| 360|0x0000000096800000, 0x0000000096800000, 0x0000000096900000|  0%| F|  |TAMS 0x0000000096800000| PB 0x0000000096800000| Untracked 
| 361|0x0000000096900000, 0x0000000096900000, 0x0000000096a00000|  0%| F|  |TAMS 0x0000000096900000| PB 0x0000000096900000| Untracked 
| 362|0x0000000096a00000, 0x0000000096a00000, 0x0000000096b00000|  0%| F|  |TAMS 0x0000000096a00000| PB 0x0000000096a00000| Untracked 
| 363|0x0000000096b00000, 0x0000000096b00000, 0x0000000096c00000|  0%| F|  |TAMS 0x0000000096b00000| PB 0x0000000096b00000| Untracked 
| 364|0x0000000096c00000, 0x0000000096d00000, 0x0000000096d00000|100%| O|  |TAMS 0x0000000096c00000| PB 0x0000000096c00000| Untracked 
| 365|0x0000000096d00000, 0x0000000096d00000, 0x0000000096e00000|  0%| F|  |TAMS 0x0000000096d00000| PB 0x0000000096d00000| Untracked 
| 366|0x0000000096e00000, 0x0000000096e00000, 0x0000000096f00000|  0%| F|  |TAMS 0x0000000096e00000| PB 0x0000000096e00000| Untracked 
| 367|0x0000000096f00000, 0x0000000096f00000, 0x0000000097000000|  0%| F|  |TAMS 0x0000000096f00000| PB 0x0000000096f00000| Untracked 
| 368|0x0000000097000000, 0x0000000097000000, 0x0000000097100000|  0%| F|  |TAMS 0x0000000097000000| PB 0x0000000097000000| Untracked 
| 369|0x0000000097100000, 0x0000000097200000, 0x0000000097200000|100%| O|  |TAMS 0x0000000097100000| PB 0x0000000097100000| Untracked 
| 370|0x0000000097200000, 0x0000000097200000, 0x0000000097300000|  0%| F|  |TAMS 0x0000000097200000| PB 0x0000000097200000| Untracked 
| 371|0x0000000097300000, 0x0000000097300000, 0x0000000097400000|  0%| F|  |TAMS 0x0000000097300000| PB 0x0000000097300000| Untracked 
| 372|0x0000000097400000, 0x0000000097400000, 0x0000000097500000|  0%| F|  |TAMS 0x0000000097400000| PB 0x0000000097400000| Untracked 
| 373|0x0000000097500000, 0x0000000097500000, 0x0000000097600000|  0%| F|  |TAMS 0x0000000097500000| PB 0x0000000097500000| Untracked 
| 374|0x0000000097600000, 0x0000000097600000, 0x0000000097700000|  0%| F|  |TAMS 0x0000000097600000| PB 0x0000000097600000| Untracked 
| 375|0x0000000097700000, 0x0000000097700000, 0x0000000097800000|  0%| F|  |TAMS 0x0000000097700000| PB 0x0000000097700000| Untracked 
| 376|0x0000000097800000, 0x0000000097800000, 0x0000000097900000|  0%| F|  |TAMS 0x0000000097800000| PB 0x0000000097800000| Untracked 
| 377|0x0000000097900000, 0x0000000097900000, 0x0000000097a00000|  0%| F|  |TAMS 0x0000000097900000| PB 0x0000000097900000| Untracked 
| 378|0x0000000097a00000, 0x0000000097a00000, 0x0000000097b00000|  0%| F|  |TAMS 0x0000000097a00000| PB 0x0000000097a00000| Untracked 
| 379|0x0000000097b00000, 0x0000000097b00000, 0x0000000097c00000|  0%| F|  |TAMS 0x0000000097b00000| PB 0x0000000097b00000| Untracked 
| 380|0x0000000097c00000, 0x0000000097c00000, 0x0000000097d00000|  0%| F|  |TAMS 0x0000000097c00000| PB 0x0000000097c00000| Untracked 
| 381|0x0000000097d00000, 0x0000000097d00000, 0x0000000097e00000|  0%| F|  |TAMS 0x0000000097d00000| PB 0x0000000097d00000| Untracked 
| 382|0x0000000097e00000, 0x0000000097e00000, 0x0000000097f00000|  0%| F|  |TAMS 0x0000000097e00000| PB 0x0000000097e00000| Untracked 
| 383|0x0000000097f00000, 0x0000000097f00000, 0x0000000098000000|  0%| F|  |TAMS 0x0000000097f00000| PB 0x0000000097f00000| Untracked 
| 384|0x0000000098000000, 0x0000000098000000, 0x0000000098100000|  0%| F|  |TAMS 0x0000000098000000| PB 0x0000000098000000| Untracked 
| 385|0x0000000098100000, 0x0000000098100000, 0x0000000098200000|  0%| F|  |TAMS 0x0000000098100000| PB 0x0000000098100000| Untracked 
| 386|0x0000000098200000, 0x0000000098200000, 0x0000000098300000|  0%| F|  |TAMS 0x0000000098200000| PB 0x0000000098200000| Untracked 
| 387|0x0000000098300000, 0x0000000098300000, 0x0000000098400000|  0%| F|  |TAMS 0x0000000098300000| PB 0x0000000098300000| Untracked 
| 388|0x0000000098400000, 0x0000000098400000, 0x0000000098500000|  0%| F|  |TAMS 0x0000000098400000| PB 0x0000000098400000| Untracked 
| 389|0x0000000098500000, 0x0000000098500000, 0x0000000098600000|  0%| F|  |TAMS 0x0000000098500000| PB 0x0000000098500000| Untracked 
| 390|0x0000000098600000, 0x0000000098600000, 0x0000000098700000|  0%| F|  |TAMS 0x0000000098600000| PB 0x0000000098600000| Untracked 
| 391|0x0000000098700000, 0x0000000098700000, 0x0000000098800000|  0%| F|  |TAMS 0x0000000098700000| PB 0x0000000098700000| Untracked 
| 392|0x0000000098800000, 0x0000000098800000, 0x0000000098900000|  0%| F|  |TAMS 0x0000000098800000| PB 0x0000000098800000| Untracked 
| 393|0x0000000098900000, 0x0000000098900000, 0x0000000098a00000|  0%| F|  |TAMS 0x0000000098900000| PB 0x0000000098900000| Untracked 
| 394|0x0000000098a00000, 0x0000000098a00000, 0x0000000098b00000|  0%| F|  |TAMS 0x0000000098a00000| PB 0x0000000098a00000| Untracked 
| 395|0x0000000098b00000, 0x0000000098b00000, 0x0000000098c00000|  0%| F|  |TAMS 0x0000000098b00000| PB 0x0000000098b00000| Untracked 
| 396|0x0000000098c00000, 0x0000000098c00000, 0x0000000098d00000|  0%| F|  |TAMS 0x0000000098c00000| PB 0x0000000098c00000| Untracked 
| 397|0x0000000098d00000, 0x0000000098d00000, 0x0000000098e00000|  0%| F|  |TAMS 0x0000000098d00000| PB 0x0000000098d00000| Untracked 
| 398|0x0000000098e00000, 0x0000000098e00000, 0x0000000098f00000|  0%| F|  |TAMS 0x0000000098e00000| PB 0x0000000098e00000| Untracked 
| 399|0x0000000098f00000, 0x0000000098f00000, 0x0000000099000000|  0%| F|  |TAMS 0x0000000098f00000| PB 0x0000000098f00000| Untracked 
| 400|0x0000000099000000, 0x0000000099000000, 0x0000000099100000|  0%| F|  |TAMS 0x0000000099000000| PB 0x0000000099000000| Untracked 
| 401|0x0000000099100000, 0x0000000099199ce8, 0x0000000099200000| 60%| E|  |TAMS 0x0000000099100000| PB 0x0000000099100000| Complete 
| 402|0x0000000099200000, 0x0000000099300000, 0x0000000099300000|100%| E|CS|TAMS 0x0000000099200000| PB 0x0000000099200000| Complete 
| 403|0x0000000099300000, 0x0000000099400000, 0x0000000099400000|100%| E|CS|TAMS 0x0000000099300000| PB 0x0000000099300000| Complete 
| 404|0x0000000099400000, 0x0000000099500000, 0x0000000099500000|100%| E|CS|TAMS 0x0000000099400000| PB 0x0000000099400000| Complete 
| 405|0x0000000099500000, 0x0000000099600000, 0x0000000099600000|100%| E|CS|TAMS 0x0000000099500000| PB 0x0000000099500000| Complete 
| 406|0x0000000099600000, 0x0000000099700000, 0x0000000099700000|100%| E|CS|TAMS 0x0000000099600000| PB 0x0000000099600000| Complete 
| 407|0x0000000099700000, 0x0000000099800000, 0x0000000099800000|100%| E|CS|TAMS 0x0000000099700000| PB 0x0000000099700000| Complete 
| 408|0x0000000099800000, 0x0000000099900000, 0x0000000099900000|100%| E|CS|TAMS 0x0000000099800000| PB 0x0000000099800000| Complete 
| 409|0x0000000099900000, 0x0000000099a00000, 0x0000000099a00000|100%| E|CS|TAMS 0x0000000099900000| PB 0x0000000099900000| Complete 
| 410|0x0000000099a00000, 0x0000000099b00000, 0x0000000099b00000|100%| E|CS|TAMS 0x0000000099a00000| PB 0x0000000099a00000| Complete 
| 411|0x0000000099b00000, 0x0000000099c00000, 0x0000000099c00000|100%| E|CS|TAMS 0x0000000099b00000| PB 0x0000000099b00000| Complete 
| 412|0x0000000099c00000, 0x0000000099d00000, 0x0000000099d00000|100%| E|CS|TAMS 0x0000000099c00000| PB 0x0000000099c00000| Complete 
| 413|0x0000000099d00000, 0x0000000099e00000, 0x0000000099e00000|100%| E|CS|TAMS 0x0000000099d00000| PB 0x0000000099d00000| Complete 
| 414|0x0000000099e00000, 0x0000000099f00000, 0x0000000099f00000|100%| E|CS|TAMS 0x0000000099e00000| PB 0x0000000099e00000| Complete 
| 415|0x0000000099f00000, 0x000000009a000000, 0x000000009a000000|100%| E|CS|TAMS 0x0000000099f00000| PB 0x0000000099f00000| Complete 
| 416|0x000000009a000000, 0x000000009a100000, 0x000000009a100000|100%| E|CS|TAMS 0x000000009a000000| PB 0x000000009a000000| Complete 
| 417|0x000000009a100000, 0x000000009a200000, 0x000000009a200000|100%| E|CS|TAMS 0x000000009a100000| PB 0x000000009a100000| Complete 
| 418|0x000000009a200000, 0x000000009a300000, 0x000000009a300000|100%| E|CS|TAMS 0x000000009a200000| PB 0x000000009a200000| Complete 
| 419|0x000000009a300000, 0x000000009a400000, 0x000000009a400000|100%| E|CS|TAMS 0x000000009a300000| PB 0x000000009a300000| Complete 
| 420|0x000000009a400000, 0x000000009a500000, 0x000000009a500000|100%| E|CS|TAMS 0x000000009a400000| PB 0x000000009a400000| Complete 
| 421|0x000000009a500000, 0x000000009a600000, 0x000000009a600000|100%| E|CS|TAMS 0x000000009a500000| PB 0x000000009a500000| Complete 
| 422|0x000000009a600000, 0x000000009a700000, 0x000000009a700000|100%| E|CS|TAMS 0x000000009a600000| PB 0x000000009a600000| Complete 
| 423|0x000000009a700000, 0x000000009a800000, 0x000000009a800000|100%| E|CS|TAMS 0x000000009a700000| PB 0x000000009a700000| Complete 
| 424|0x000000009a800000, 0x000000009a900000, 0x000000009a900000|100%| E|CS|TAMS 0x000000009a800000| PB 0x000000009a800000| Complete 
| 425|0x000000009a900000, 0x000000009aa00000, 0x000000009aa00000|100%| E|CS|TAMS 0x000000009a900000| PB 0x000000009a900000| Complete 
| 426|0x000000009aa00000, 0x000000009ab00000, 0x000000009ab00000|100%| E|CS|TAMS 0x000000009aa00000| PB 0x000000009aa00000| Complete 
| 427|0x000000009ab00000, 0x000000009ac00000, 0x000000009ac00000|100%| E|CS|TAMS 0x000000009ab00000| PB 0x000000009ab00000| Complete 
| 428|0x000000009ac00000, 0x000000009ad00000, 0x000000009ad00000|100%| E|CS|TAMS 0x000000009ac00000| PB 0x000000009ac00000| Complete 
| 429|0x000000009ad00000, 0x000000009ae00000, 0x000000009ae00000|100%| E|CS|TAMS 0x000000009ad00000| PB 0x000000009ad00000| Complete 
| 430|0x000000009ae00000, 0x000000009af00000, 0x000000009af00000|100%| E|CS|TAMS 0x000000009ae00000| PB 0x000000009ae00000| Complete 
| 431|0x000000009af00000, 0x000000009b000000, 0x000000009b000000|100%| E|CS|TAMS 0x000000009af00000| PB 0x000000009af00000| Complete 
| 432|0x000000009b000000, 0x000000009b100000, 0x000000009b100000|100%| E|CS|TAMS 0x000000009b000000| PB 0x000000009b000000| Complete 
| 433|0x000000009b100000, 0x000000009b200000, 0x000000009b200000|100%| E|CS|TAMS 0x000000009b100000| PB 0x000000009b100000| Complete 
| 434|0x000000009b200000, 0x000000009b300000, 0x000000009b300000|100%| E|CS|TAMS 0x000000009b200000| PB 0x000000009b200000| Complete 
| 435|0x000000009b300000, 0x000000009b400000, 0x000000009b400000|100%| E|CS|TAMS 0x000000009b300000| PB 0x000000009b300000| Complete 
| 436|0x000000009b400000, 0x000000009b500000, 0x000000009b500000|100%| E|CS|TAMS 0x000000009b400000| PB 0x000000009b400000| Complete 
| 437|0x000000009b500000, 0x000000009b600000, 0x000000009b600000|100%| E|CS|TAMS 0x000000009b500000| PB 0x000000009b500000| Complete 
| 438|0x000000009b600000, 0x000000009b700000, 0x000000009b700000|100%| E|CS|TAMS 0x000000009b600000| PB 0x000000009b600000| Complete 
| 439|0x000000009b700000, 0x000000009b800000, 0x000000009b800000|100%| E|CS|TAMS 0x000000009b700000| PB 0x000000009b700000| Complete 
| 440|0x000000009b800000, 0x000000009b900000, 0x000000009b900000|100%| E|CS|TAMS 0x000000009b800000| PB 0x000000009b800000| Complete 
| 441|0x000000009b900000, 0x000000009ba00000, 0x000000009ba00000|100%| E|CS|TAMS 0x000000009b900000| PB 0x000000009b900000| Complete 
| 442|0x000000009ba00000, 0x000000009bb00000, 0x000000009bb00000|100%| E|CS|TAMS 0x000000009ba00000| PB 0x000000009ba00000| Complete 
| 443|0x000000009bb00000, 0x000000009bc00000, 0x000000009bc00000|100%| E|CS|TAMS 0x000000009bb00000| PB 0x000000009bb00000| Complete 
| 444|0x000000009bc00000, 0x000000009bd00000, 0x000000009bd00000|100%| E|CS|TAMS 0x000000009bc00000| PB 0x000000009bc00000| Complete 
| 445|0x000000009bd00000, 0x000000009be00000, 0x000000009be00000|100%| E|CS|TAMS 0x000000009bd00000| PB 0x000000009bd00000| Complete 
| 446|0x000000009be00000, 0x000000009bf00000, 0x000000009bf00000|100%| E|CS|TAMS 0x000000009be00000| PB 0x000000009be00000| Complete 
| 447|0x000000009bf00000, 0x000000009c000000, 0x000000009c000000|100%| E|CS|TAMS 0x000000009bf00000| PB 0x000000009bf00000| Complete 
| 448|0x000000009c000000, 0x000000009c100000, 0x000000009c100000|100%| E|CS|TAMS 0x000000009c000000| PB 0x000000009c000000| Complete 
| 449|0x000000009c100000, 0x000000009c200000, 0x000000009c200000|100%| E|CS|TAMS 0x000000009c100000| PB 0x000000009c100000| Complete 
| 450|0x000000009c200000, 0x000000009c300000, 0x000000009c300000|100%| E|CS|TAMS 0x000000009c200000| PB 0x000000009c200000| Complete 
| 451|0x000000009c300000, 0x000000009c400000, 0x000000009c400000|100%| E|CS|TAMS 0x000000009c300000| PB 0x000000009c300000| Complete 
| 452|0x000000009c400000, 0x000000009c500000, 0x000000009c500000|100%| E|CS|TAMS 0x000000009c400000| PB 0x000000009c400000| Complete 
| 453|0x000000009c500000, 0x000000009c600000, 0x000000009c600000|100%| E|CS|TAMS 0x000000009c500000| PB 0x000000009c500000| Complete 
| 454|0x000000009c600000, 0x000000009c700000, 0x000000009c700000|100%| E|CS|TAMS 0x000000009c600000| PB 0x000000009c600000| Complete 
| 455|0x000000009c700000, 0x000000009c800000, 0x000000009c800000|100%| E|CS|TAMS 0x000000009c700000| PB 0x000000009c700000| Complete 
| 456|0x000000009c800000, 0x000000009c900000, 0x000000009c900000|100%| E|CS|TAMS 0x000000009c800000| PB 0x000000009c800000| Complete 
| 457|0x000000009c900000, 0x000000009ca00000, 0x000000009ca00000|100%| E|CS|TAMS 0x000000009c900000| PB 0x000000009c900000| Complete 
| 458|0x000000009ca00000, 0x000000009cb00000, 0x000000009cb00000|100%| E|CS|TAMS 0x000000009ca00000| PB 0x000000009ca00000| Complete 
| 459|0x000000009cb00000, 0x000000009cc00000, 0x000000009cc00000|100%| E|CS|TAMS 0x000000009cb00000| PB 0x000000009cb00000| Complete 
| 460|0x000000009cc00000, 0x000000009cd00000, 0x000000009cd00000|100%| E|CS|TAMS 0x000000009cc00000| PB 0x000000009cc00000| Complete 
| 461|0x000000009cd00000, 0x000000009ce00000, 0x000000009ce00000|100%| E|CS|TAMS 0x000000009cd00000| PB 0x000000009cd00000| Complete 
| 462|0x000000009ce00000, 0x000000009cf00000, 0x000000009cf00000|100%| E|CS|TAMS 0x000000009ce00000| PB 0x000000009ce00000| Complete 
| 463|0x000000009cf00000, 0x000000009d000000, 0x000000009d000000|100%| E|CS|TAMS 0x000000009cf00000| PB 0x000000009cf00000| Complete 
| 464|0x000000009d000000, 0x000000009d100000, 0x000000009d100000|100%| E|CS|TAMS 0x000000009d000000| PB 0x000000009d000000| Complete 
| 465|0x000000009d100000, 0x000000009d200000, 0x000000009d200000|100%| E|CS|TAMS 0x000000009d100000| PB 0x000000009d100000| Complete 
| 466|0x000000009d200000, 0x000000009d300000, 0x000000009d300000|100%| E|CS|TAMS 0x000000009d200000| PB 0x000000009d200000| Complete 
| 467|0x000000009d300000, 0x000000009d400000, 0x000000009d400000|100%| E|CS|TAMS 0x000000009d300000| PB 0x000000009d300000| Complete 
| 468|0x000000009d400000, 0x000000009d500000, 0x000000009d500000|100%| E|CS|TAMS 0x000000009d400000| PB 0x000000009d400000| Complete 
| 469|0x000000009d500000, 0x000000009d600000, 0x000000009d600000|100%| E|CS|TAMS 0x000000009d500000| PB 0x000000009d500000| Complete 
| 470|0x000000009d600000, 0x000000009d700000, 0x000000009d700000|100%| E|CS|TAMS 0x000000009d600000| PB 0x000000009d600000| Complete 
| 471|0x000000009d700000, 0x000000009d800000, 0x000000009d800000|100%| E|CS|TAMS 0x000000009d700000| PB 0x000000009d700000| Complete 
| 472|0x000000009d800000, 0x000000009d900000, 0x000000009d900000|100%| E|CS|TAMS 0x000000009d800000| PB 0x000000009d800000| Complete 
| 473|0x000000009d900000, 0x000000009da00000, 0x000000009da00000|100%| E|CS|TAMS 0x000000009d900000| PB 0x000000009d900000| Complete 
| 474|0x000000009da00000, 0x000000009db00000, 0x000000009db00000|100%| E|CS|TAMS 0x000000009da00000| PB 0x000000009da00000| Complete 
| 475|0x000000009db00000, 0x000000009dc00000, 0x000000009dc00000|100%| E|CS|TAMS 0x000000009db00000| PB 0x000000009db00000| Complete 
| 476|0x000000009dc00000, 0x000000009dd00000, 0x000000009dd00000|100%| E|CS|TAMS 0x000000009dc00000| PB 0x000000009dc00000| Complete 
| 477|0x000000009dd00000, 0x000000009de00000, 0x000000009de00000|100%| E|CS|TAMS 0x000000009dd00000| PB 0x000000009dd00000| Complete 
| 478|0x000000009de00000, 0x000000009df00000, 0x000000009df00000|100%| E|CS|TAMS 0x000000009de00000| PB 0x000000009de00000| Complete 
| 479|0x000000009df00000, 0x000000009e000000, 0x000000009e000000|100%| E|CS|TAMS 0x000000009df00000| PB 0x000000009df00000| Complete 
| 480|0x000000009e000000, 0x000000009e100000, 0x000000009e100000|100%| E|CS|TAMS 0x000000009e000000| PB 0x000000009e000000| Complete 
| 481|0x000000009e100000, 0x000000009e200000, 0x000000009e200000|100%| E|CS|TAMS 0x000000009e100000| PB 0x000000009e100000| Complete 
| 482|0x000000009e200000, 0x000000009e300000, 0x000000009e300000|100%| E|CS|TAMS 0x000000009e200000| PB 0x000000009e200000| Complete 
| 483|0x000000009e300000, 0x000000009e400000, 0x000000009e400000|100%| E|CS|TAMS 0x000000009e300000| PB 0x000000009e300000| Complete 
| 484|0x000000009e400000, 0x000000009e500000, 0x000000009e500000|100%| E|CS|TAMS 0x000000009e400000| PB 0x000000009e400000| Complete 
| 485|0x000000009e500000, 0x000000009e600000, 0x000000009e600000|100%| E|CS|TAMS 0x000000009e500000| PB 0x000000009e500000| Complete 
| 486|0x000000009e600000, 0x000000009e700000, 0x000000009e700000|100%| E|CS|TAMS 0x000000009e600000| PB 0x000000009e600000| Complete 
| 487|0x000000009e700000, 0x000000009e800000, 0x000000009e800000|100%| E|CS|TAMS 0x000000009e700000| PB 0x000000009e700000| Complete 
| 488|0x000000009e800000, 0x000000009e900000, 0x000000009e900000|100%| E|CS|TAMS 0x000000009e800000| PB 0x000000009e800000| Complete 
| 489|0x000000009e900000, 0x000000009ea00000, 0x000000009ea00000|100%| E|CS|TAMS 0x000000009e900000| PB 0x000000009e900000| Complete 
| 490|0x000000009ea00000, 0x000000009eb00000, 0x000000009eb00000|100%| E|CS|TAMS 0x000000009ea00000| PB 0x000000009ea00000| Complete 
| 491|0x000000009eb00000, 0x000000009ec00000, 0x000000009ec00000|100%| E|CS|TAMS 0x000000009eb00000| PB 0x000000009eb00000| Complete 
| 492|0x000000009ec00000, 0x000000009ed00000, 0x000000009ed00000|100%| E|CS|TAMS 0x000000009ec00000| PB 0x000000009ec00000| Complete 
| 493|0x000000009ed00000, 0x000000009ee00000, 0x000000009ee00000|100%| E|CS|TAMS 0x000000009ed00000| PB 0x000000009ed00000| Complete 
| 494|0x000000009ee00000, 0x000000009ef00000, 0x000000009ef00000|100%| E|CS|TAMS 0x000000009ee00000| PB 0x000000009ee00000| Complete 
| 495|0x000000009ef00000, 0x000000009f000000, 0x000000009f000000|100%| E|CS|TAMS 0x000000009ef00000| PB 0x000000009ef00000| Complete 
| 496|0x000000009f000000, 0x000000009f100000, 0x000000009f100000|100%| E|CS|TAMS 0x000000009f000000| PB 0x000000009f000000| Complete 
| 497|0x000000009f100000, 0x000000009f200000, 0x000000009f200000|100%| E|CS|TAMS 0x000000009f100000| PB 0x000000009f100000| Complete 
| 498|0x000000009f200000, 0x000000009f300000, 0x000000009f300000|100%| E|CS|TAMS 0x000000009f200000| PB 0x000000009f200000| Complete 
| 499|0x000000009f300000, 0x000000009f400000, 0x000000009f400000|100%| E|CS|TAMS 0x000000009f300000| PB 0x000000009f300000| Complete 
| 500|0x000000009f400000, 0x000000009f500000, 0x000000009f500000|100%| E|CS|TAMS 0x000000009f400000| PB 0x000000009f400000| Complete 
| 501|0x000000009f500000, 0x000000009f600000, 0x000000009f600000|100%| E|CS|TAMS 0x000000009f500000| PB 0x000000009f500000| Complete 
| 502|0x000000009f600000, 0x000000009f700000, 0x000000009f700000|100%| E|CS|TAMS 0x000000009f600000| PB 0x000000009f600000| Complete 
| 503|0x000000009f700000, 0x000000009f800000, 0x000000009f800000|100%| E|CS|TAMS 0x000000009f700000| PB 0x000000009f700000| Complete 
| 504|0x000000009f800000, 0x000000009f900000, 0x000000009f900000|100%| E|CS|TAMS 0x000000009f800000| PB 0x000000009f800000| Complete 
| 505|0x000000009f900000, 0x000000009fa00000, 0x000000009fa00000|100%| E|CS|TAMS 0x000000009f900000| PB 0x000000009f900000| Complete 
| 506|0x000000009fa00000, 0x000000009fb00000, 0x000000009fb00000|100%| E|CS|TAMS 0x000000009fa00000| PB 0x000000009fa00000| Complete 
| 507|0x000000009fb00000, 0x000000009fc00000, 0x000000009fc00000|100%| E|CS|TAMS 0x000000009fb00000| PB 0x000000009fb00000| Complete 
| 508|0x000000009fc00000, 0x000000009fd00000, 0x000000009fd00000|100%| E|CS|TAMS 0x000000009fc00000| PB 0x000000009fc00000| Complete 
| 509|0x000000009fd00000, 0x000000009fe00000, 0x000000009fe00000|100%| E|CS|TAMS 0x000000009fd00000| PB 0x000000009fd00000| Complete 
| 510|0x000000009fe00000, 0x000000009ff00000, 0x000000009ff00000|100%| E|CS|TAMS 0x000000009fe00000| PB 0x000000009fe00000| Complete 
| 511|0x000000009ff00000, 0x00000000a0000000, 0x00000000a0000000|100%| E|CS|TAMS 0x000000009ff00000| PB 0x000000009ff00000| Complete 
| 512|0x00000000a0000000, 0x00000000a0100000, 0x00000000a0100000|100%| E|CS|TAMS 0x00000000a0000000| PB 0x00000000a0000000| Complete 
| 513|0x00000000a0100000, 0x00000000a0200000, 0x00000000a0200000|100%| E|CS|TAMS 0x00000000a0100000| PB 0x00000000a0100000| Complete 
| 514|0x00000000a0200000, 0x00000000a0300000, 0x00000000a0300000|100%| E|CS|TAMS 0x00000000a0200000| PB 0x00000000a0200000| Complete 
| 515|0x00000000a0300000, 0x00000000a0400000, 0x00000000a0400000|100%| E|CS|TAMS 0x00000000a0300000| PB 0x00000000a0300000| Complete 
| 516|0x00000000a0400000, 0x00000000a0500000, 0x00000000a0500000|100%| E|CS|TAMS 0x00000000a0400000| PB 0x00000000a0400000| Complete 
| 517|0x00000000a0500000, 0x00000000a0600000, 0x00000000a0600000|100%| E|CS|TAMS 0x00000000a0500000| PB 0x00000000a0500000| Complete 
| 518|0x00000000a0600000, 0x00000000a0700000, 0x00000000a0700000|100%| E|CS|TAMS 0x00000000a0600000| PB 0x00000000a0600000| Complete 
| 519|0x00000000a0700000, 0x00000000a0800000, 0x00000000a0800000|100%| E|CS|TAMS 0x00000000a0700000| PB 0x00000000a0700000| Complete 
| 520|0x00000000a0800000, 0x00000000a0900000, 0x00000000a0900000|100%| E|CS|TAMS 0x00000000a0800000| PB 0x00000000a0800000| Complete 
| 521|0x00000000a0900000, 0x00000000a0a00000, 0x00000000a0a00000|100%| E|CS|TAMS 0x00000000a0900000| PB 0x00000000a0900000| Complete 
| 522|0x00000000a0a00000, 0x00000000a0b00000, 0x00000000a0b00000|100%| E|CS|TAMS 0x00000000a0a00000| PB 0x00000000a0a00000| Complete 
| 523|0x00000000a0b00000, 0x00000000a0c00000, 0x00000000a0c00000|100%| E|CS|TAMS 0x00000000a0b00000| PB 0x00000000a0b00000| Complete 
| 524|0x00000000a0c00000, 0x00000000a0d00000, 0x00000000a0d00000|100%| E|CS|TAMS 0x00000000a0c00000| PB 0x00000000a0c00000| Complete 
| 525|0x00000000a0d00000, 0x00000000a0e00000, 0x00000000a0e00000|100%| E|CS|TAMS 0x00000000a0d00000| PB 0x00000000a0d00000| Complete 
| 526|0x00000000a0e00000, 0x00000000a0f00000, 0x00000000a0f00000|100%| E|CS|TAMS 0x00000000a0e00000| PB 0x00000000a0e00000| Complete 
| 527|0x00000000a0f00000, 0x00000000a1000000, 0x00000000a1000000|100%| E|CS|TAMS 0x00000000a0f00000| PB 0x00000000a0f00000| Complete 
| 528|0x00000000a1000000, 0x00000000a1100000, 0x00000000a1100000|100%| E|CS|TAMS 0x00000000a1000000| PB 0x00000000a1000000| Complete 
| 529|0x00000000a1100000, 0x00000000a1200000, 0x00000000a1200000|100%| E|CS|TAMS 0x00000000a1100000| PB 0x00000000a1100000| Complete 
| 530|0x00000000a1200000, 0x00000000a1300000, 0x00000000a1300000|100%| E|CS|TAMS 0x00000000a1200000| PB 0x00000000a1200000| Complete 
| 531|0x00000000a1300000, 0x00000000a1400000, 0x00000000a1400000|100%| E|CS|TAMS 0x00000000a1300000| PB 0x00000000a1300000| Complete 
| 532|0x00000000a1400000, 0x00000000a1500000, 0x00000000a1500000|100%| E|CS|TAMS 0x00000000a1400000| PB 0x00000000a1400000| Complete 
| 533|0x00000000a1500000, 0x00000000a1600000, 0x00000000a1600000|100%| E|CS|TAMS 0x00000000a1500000| PB 0x00000000a1500000| Complete 
| 534|0x00000000a1600000, 0x00000000a1700000, 0x00000000a1700000|100%| E|CS|TAMS 0x00000000a1600000| PB 0x00000000a1600000| Complete 
| 535|0x00000000a1700000, 0x00000000a1800000, 0x00000000a1800000|100%| E|CS|TAMS 0x00000000a1700000| PB 0x00000000a1700000| Complete 
| 536|0x00000000a1800000, 0x00000000a1900000, 0x00000000a1900000|100%| E|CS|TAMS 0x00000000a1800000| PB 0x00000000a1800000| Complete 
| 537|0x00000000a1900000, 0x00000000a1a00000, 0x00000000a1a00000|100%| E|CS|TAMS 0x00000000a1900000| PB 0x00000000a1900000| Complete 
| 538|0x00000000a1a00000, 0x00000000a1b00000, 0x00000000a1b00000|100%| E|CS|TAMS 0x00000000a1a00000| PB 0x00000000a1a00000| Complete 
| 539|0x00000000a1b00000, 0x00000000a1c00000, 0x00000000a1c00000|100%| E|CS|TAMS 0x00000000a1b00000| PB 0x00000000a1b00000| Complete 
| 540|0x00000000a1c00000, 0x00000000a1d00000, 0x00000000a1d00000|100%| E|CS|TAMS 0x00000000a1c00000| PB 0x00000000a1c00000| Complete 
| 541|0x00000000a1d00000, 0x00000000a1e00000, 0x00000000a1e00000|100%| E|CS|TAMS 0x00000000a1d00000| PB 0x00000000a1d00000| Complete 
| 542|0x00000000a1e00000, 0x00000000a1f00000, 0x00000000a1f00000|100%| E|CS|TAMS 0x00000000a1e00000| PB 0x00000000a1e00000| Complete 
| 543|0x00000000a1f00000, 0x00000000a2000000, 0x00000000a2000000|100%| E|CS|TAMS 0x00000000a1f00000| PB 0x00000000a1f00000| Complete 
| 544|0x00000000a2000000, 0x00000000a2100000, 0x00000000a2100000|100%| E|CS|TAMS 0x00000000a2000000| PB 0x00000000a2000000| Complete 
| 545|0x00000000a2100000, 0x00000000a2200000, 0x00000000a2200000|100%| E|CS|TAMS 0x00000000a2100000| PB 0x00000000a2100000| Complete 
| 546|0x00000000a2200000, 0x00000000a2300000, 0x00000000a2300000|100%| E|CS|TAMS 0x00000000a2200000| PB 0x00000000a2200000| Complete 
| 547|0x00000000a2300000, 0x00000000a2400000, 0x00000000a2400000|100%| E|CS|TAMS 0x00000000a2300000| PB 0x00000000a2300000| Complete 
| 548|0x00000000a2400000, 0x00000000a2500000, 0x00000000a2500000|100%| E|CS|TAMS 0x00000000a2400000| PB 0x00000000a2400000| Complete 
| 549|0x00000000a2500000, 0x00000000a2600000, 0x00000000a2600000|100%| E|CS|TAMS 0x00000000a2500000| PB 0x00000000a2500000| Complete 
| 550|0x00000000a2600000, 0x00000000a2700000, 0x00000000a2700000|100%| E|CS|TAMS 0x00000000a2600000| PB 0x00000000a2600000| Complete 
| 551|0x00000000a2700000, 0x00000000a2800000, 0x00000000a2800000|100%| E|CS|TAMS 0x00000000a2700000| PB 0x00000000a2700000| Complete 
| 552|0x00000000a2800000, 0x00000000a2900000, 0x00000000a2900000|100%| E|CS|TAMS 0x00000000a2800000| PB 0x00000000a2800000| Complete 
| 553|0x00000000a2900000, 0x00000000a2a00000, 0x00000000a2a00000|100%| E|CS|TAMS 0x00000000a2900000| PB 0x00000000a2900000| Complete 
| 554|0x00000000a2a00000, 0x00000000a2b00000, 0x00000000a2b00000|100%| E|CS|TAMS 0x00000000a2a00000| PB 0x00000000a2a00000| Complete 
| 555|0x00000000a2b00000, 0x00000000a2c00000, 0x00000000a2c00000|100%| E|CS|TAMS 0x00000000a2b00000| PB 0x00000000a2b00000| Complete 
| 556|0x00000000a2c00000, 0x00000000a2d00000, 0x00000000a2d00000|100%| E|CS|TAMS 0x00000000a2c00000| PB 0x00000000a2c00000| Complete 
| 557|0x00000000a2d00000, 0x00000000a2e00000, 0x00000000a2e00000|100%| E|CS|TAMS 0x00000000a2d00000| PB 0x00000000a2d00000| Complete 
| 558|0x00000000a2e00000, 0x00000000a2f00000, 0x00000000a2f00000|100%| E|CS|TAMS 0x00000000a2e00000| PB 0x00000000a2e00000| Complete 
| 559|0x00000000a2f00000, 0x00000000a3000000, 0x00000000a3000000|100%| E|CS|TAMS 0x00000000a2f00000| PB 0x00000000a2f00000| Complete 
| 560|0x00000000a3000000, 0x00000000a3100000, 0x00000000a3100000|100%| E|CS|TAMS 0x00000000a3000000| PB 0x00000000a3000000| Complete 
| 561|0x00000000a3100000, 0x00000000a3200000, 0x00000000a3200000|100%| E|CS|TAMS 0x00000000a3100000| PB 0x00000000a3100000| Complete 
| 562|0x00000000a3200000, 0x00000000a3300000, 0x00000000a3300000|100%| E|CS|TAMS 0x00000000a3200000| PB 0x00000000a3200000| Complete 
| 563|0x00000000a3300000, 0x00000000a3400000, 0x00000000a3400000|100%| E|CS|TAMS 0x00000000a3300000| PB 0x00000000a3300000| Complete 
| 564|0x00000000a3400000, 0x00000000a3500000, 0x00000000a3500000|100%| E|CS|TAMS 0x00000000a3400000| PB 0x00000000a3400000| Complete 
| 565|0x00000000a3500000, 0x00000000a3600000, 0x00000000a3600000|100%| E|CS|TAMS 0x00000000a3500000| PB 0x00000000a3500000| Complete 
| 566|0x00000000a3600000, 0x00000000a3700000, 0x00000000a3700000|100%| E|CS|TAMS 0x00000000a3600000| PB 0x00000000a3600000| Complete 
| 567|0x00000000a3700000, 0x00000000a3800000, 0x00000000a3800000|100%| E|CS|TAMS 0x00000000a3700000| PB 0x00000000a3700000| Complete 
| 568|0x00000000a3800000, 0x00000000a3900000, 0x00000000a3900000|100%| E|CS|TAMS 0x00000000a3800000| PB 0x00000000a3800000| Complete 
| 569|0x00000000a3900000, 0x00000000a3a00000, 0x00000000a3a00000|100%| E|CS|TAMS 0x00000000a3900000| PB 0x00000000a3900000| Complete 
| 570|0x00000000a3a00000, 0x00000000a3b00000, 0x00000000a3b00000|100%| E|CS|TAMS 0x00000000a3a00000| PB 0x00000000a3a00000| Complete 
| 571|0x00000000a3b00000, 0x00000000a3c00000, 0x00000000a3c00000|100%| E|CS|TAMS 0x00000000a3b00000| PB 0x00000000a3b00000| Complete 
| 572|0x00000000a3c00000, 0x00000000a3d00000, 0x00000000a3d00000|100%| E|CS|TAMS 0x00000000a3c00000| PB 0x00000000a3c00000| Complete 
| 573|0x00000000a3d00000, 0x00000000a3e00000, 0x00000000a3e00000|100%| E|CS|TAMS 0x00000000a3d00000| PB 0x00000000a3d00000| Complete 
| 574|0x00000000a3e00000, 0x00000000a3f00000, 0x00000000a3f00000|100%| E|CS|TAMS 0x00000000a3e00000| PB 0x00000000a3e00000| Complete 
| 575|0x00000000a3f00000, 0x00000000a4000000, 0x00000000a4000000|100%| E|CS|TAMS 0x00000000a3f00000| PB 0x00000000a3f00000| Complete 
| 576|0x00000000a4000000, 0x00000000a4100000, 0x00000000a4100000|100%| E|CS|TAMS 0x00000000a4000000| PB 0x00000000a4000000| Complete 
| 577|0x00000000a4100000, 0x00000000a4200000, 0x00000000a4200000|100%| E|CS|TAMS 0x00000000a4100000| PB 0x00000000a4100000| Complete 
| 578|0x00000000a4200000, 0x00000000a4300000, 0x00000000a4300000|100%| E|CS|TAMS 0x00000000a4200000| PB 0x00000000a4200000| Complete 
| 579|0x00000000a4300000, 0x00000000a4400000, 0x00000000a4400000|100%| E|CS|TAMS 0x00000000a4300000| PB 0x00000000a4300000| Complete 
| 580|0x00000000a4400000, 0x00000000a4500000, 0x00000000a4500000|100%| E|CS|TAMS 0x00000000a4400000| PB 0x00000000a4400000| Complete 
| 581|0x00000000a4500000, 0x00000000a4600000, 0x00000000a4600000|100%| E|CS|TAMS 0x00000000a4500000| PB 0x00000000a4500000| Complete 
| 582|0x00000000a4600000, 0x00000000a4700000, 0x00000000a4700000|100%| E|CS|TAMS 0x00000000a4600000| PB 0x00000000a4600000| Complete 
| 583|0x00000000a4700000, 0x00000000a4800000, 0x00000000a4800000|100%| E|CS|TAMS 0x00000000a4700000| PB 0x00000000a4700000| Complete 
| 584|0x00000000a4800000, 0x00000000a4900000, 0x00000000a4900000|100%| E|CS|TAMS 0x00000000a4800000| PB 0x00000000a4800000| Complete 
| 585|0x00000000a4900000, 0x00000000a4a00000, 0x00000000a4a00000|100%| E|CS|TAMS 0x00000000a4900000| PB 0x00000000a4900000| Complete 
| 586|0x00000000a4a00000, 0x00000000a4b00000, 0x00000000a4b00000|100%| E|CS|TAMS 0x00000000a4a00000| PB 0x00000000a4a00000| Complete 
| 587|0x00000000a4b00000, 0x00000000a4c00000, 0x00000000a4c00000|100%| E|CS|TAMS 0x00000000a4b00000| PB 0x00000000a4b00000| Complete 
| 588|0x00000000a4c00000, 0x00000000a4d00000, 0x00000000a4d00000|100%| E|CS|TAMS 0x00000000a4c00000| PB 0x00000000a4c00000| Complete 
| 589|0x00000000a4d00000, 0x00000000a4e00000, 0x00000000a4e00000|100%| E|CS|TAMS 0x00000000a4d00000| PB 0x00000000a4d00000| Complete 
| 590|0x00000000a4e00000, 0x00000000a4f00000, 0x00000000a4f00000|100%| E|CS|TAMS 0x00000000a4e00000| PB 0x00000000a4e00000| Complete 
| 591|0x00000000a4f00000, 0x00000000a5000000, 0x00000000a5000000|100%| E|CS|TAMS 0x00000000a4f00000| PB 0x00000000a4f00000| Complete 
| 592|0x00000000a5000000, 0x00000000a5100000, 0x00000000a5100000|100%| E|CS|TAMS 0x00000000a5000000| PB 0x00000000a5000000| Complete 
| 593|0x00000000a5100000, 0x00000000a5200000, 0x00000000a5200000|100%| E|CS|TAMS 0x00000000a5100000| PB 0x00000000a5100000| Complete 
| 594|0x00000000a5200000, 0x00000000a5300000, 0x00000000a5300000|100%| E|CS|TAMS 0x00000000a5200000| PB 0x00000000a5200000| Complete 
| 595|0x00000000a5300000, 0x00000000a5400000, 0x00000000a5400000|100%| E|CS|TAMS 0x00000000a5300000| PB 0x00000000a5300000| Complete 
| 596|0x00000000a5400000, 0x00000000a5500000, 0x00000000a5500000|100%| E|CS|TAMS 0x00000000a5400000| PB 0x00000000a5400000| Complete 
| 597|0x00000000a5500000, 0x00000000a5600000, 0x00000000a5600000|100%| E|CS|TAMS 0x00000000a5500000| PB 0x00000000a5500000| Complete 
| 598|0x00000000a5600000, 0x00000000a5700000, 0x00000000a5700000|100%| E|CS|TAMS 0x00000000a5600000| PB 0x00000000a5600000| Complete 
| 599|0x00000000a5700000, 0x00000000a5800000, 0x00000000a5800000|100%| E|CS|TAMS 0x00000000a5700000| PB 0x00000000a5700000| Complete 
| 600|0x00000000a5800000, 0x00000000a5900000, 0x00000000a5900000|100%| E|CS|TAMS 0x00000000a5800000| PB 0x00000000a5800000| Complete 
| 601|0x00000000a5900000, 0x00000000a5a00000, 0x00000000a5a00000|100%| E|CS|TAMS 0x00000000a5900000| PB 0x00000000a5900000| Complete 
| 602|0x00000000a5a00000, 0x00000000a5b00000, 0x00000000a5b00000|100%| E|CS|TAMS 0x00000000a5a00000| PB 0x00000000a5a00000| Complete 
| 603|0x00000000a5b00000, 0x00000000a5c00000, 0x00000000a5c00000|100%| E|CS|TAMS 0x00000000a5b00000| PB 0x00000000a5b00000| Complete 
| 604|0x00000000a5c00000, 0x00000000a5d00000, 0x00000000a5d00000|100%| E|CS|TAMS 0x00000000a5c00000| PB 0x00000000a5c00000| Complete 
| 605|0x00000000a5d00000, 0x00000000a5e00000, 0x00000000a5e00000|100%| E|CS|TAMS 0x00000000a5d00000| PB 0x00000000a5d00000| Complete 
| 606|0x00000000a5e00000, 0x00000000a5f00000, 0x00000000a5f00000|100%| E|CS|TAMS 0x00000000a5e00000| PB 0x00000000a5e00000| Complete 
| 607|0x00000000a5f00000, 0x00000000a6000000, 0x00000000a6000000|100%| E|CS|TAMS 0x00000000a5f00000| PB 0x00000000a5f00000| Complete 
| 608|0x00000000a6000000, 0x00000000a6100000, 0x00000000a6100000|100%| E|CS|TAMS 0x00000000a6000000| PB 0x00000000a6000000| Complete 
| 609|0x00000000a6100000, 0x00000000a6200000, 0x00000000a6200000|100%| E|  |TAMS 0x00000000a6100000| PB 0x00000000a6100000| Complete 
| 610|0x00000000a6200000, 0x00000000a6300000, 0x00000000a6300000|100%| E|CS|TAMS 0x00000000a6200000| PB 0x00000000a6200000| Complete 
| 611|0x00000000a6300000, 0x00000000a6400000, 0x00000000a6400000|100%| E|CS|TAMS 0x00000000a6300000| PB 0x00000000a6300000| Complete 
| 612|0x00000000a6400000, 0x00000000a6500000, 0x00000000a6500000|100%| E|CS|TAMS 0x00000000a6400000| PB 0x00000000a6400000| Complete 
| 613|0x00000000a6500000, 0x00000000a6600000, 0x00000000a6600000|100%| E|CS|TAMS 0x00000000a6500000| PB 0x00000000a6500000| Complete 
| 614|0x00000000a6600000, 0x00000000a6700000, 0x00000000a6700000|100%| E|CS|TAMS 0x00000000a6600000| PB 0x00000000a6600000| Complete 
| 615|0x00000000a6700000, 0x00000000a6800000, 0x00000000a6800000|100%| E|CS|TAMS 0x00000000a6700000| PB 0x00000000a6700000| Complete 
| 616|0x00000000a6800000, 0x00000000a6900000, 0x00000000a6900000|100%| E|CS|TAMS 0x00000000a6800000| PB 0x00000000a6800000| Complete 
| 617|0x00000000a6900000, 0x00000000a6a00000, 0x00000000a6a00000|100%| E|CS|TAMS 0x00000000a6900000| PB 0x00000000a6900000| Complete 
| 618|0x00000000a6a00000, 0x00000000a6b00000, 0x00000000a6b00000|100%| E|CS|TAMS 0x00000000a6a00000| PB 0x00000000a6a00000| Complete 
| 619|0x00000000a6b00000, 0x00000000a6c00000, 0x00000000a6c00000|100%| E|CS|TAMS 0x00000000a6b00000| PB 0x00000000a6b00000| Complete 
| 620|0x00000000a6c00000, 0x00000000a6d00000, 0x00000000a6d00000|100%| E|CS|TAMS 0x00000000a6c00000| PB 0x00000000a6c00000| Complete 
| 621|0x00000000a6d00000, 0x00000000a6e00000, 0x00000000a6e00000|100%| E|CS|TAMS 0x00000000a6d00000| PB 0x00000000a6d00000| Complete 
| 622|0x00000000a6e00000, 0x00000000a6f00000, 0x00000000a6f00000|100%| E|CS|TAMS 0x00000000a6e00000| PB 0x00000000a6e00000| Complete 
| 623|0x00000000a6f00000, 0x00000000a7000000, 0x00000000a7000000|100%| E|CS|TAMS 0x00000000a6f00000| PB 0x00000000a6f00000| Complete 
| 624|0x00000000a7000000, 0x00000000a7100000, 0x00000000a7100000|100%| E|CS|TAMS 0x00000000a7000000| PB 0x00000000a7000000| Complete 
| 625|0x00000000a7100000, 0x00000000a7200000, 0x00000000a7200000|100%| E|CS|TAMS 0x00000000a7100000| PB 0x00000000a7100000| Complete 
| 626|0x00000000a7200000, 0x00000000a7300000, 0x00000000a7300000|100%| E|CS|TAMS 0x00000000a7200000| PB 0x00000000a7200000| Complete 
| 627|0x00000000a7300000, 0x00000000a7400000, 0x00000000a7400000|100%| E|CS|TAMS 0x00000000a7300000| PB 0x00000000a7300000| Complete 
| 628|0x00000000a7400000, 0x00000000a7500000, 0x00000000a7500000|100%| E|CS|TAMS 0x00000000a7400000| PB 0x00000000a7400000| Complete 
| 629|0x00000000a7500000, 0x00000000a7600000, 0x00000000a7600000|100%| E|CS|TAMS 0x00000000a7500000| PB 0x00000000a7500000| Complete 
| 630|0x00000000a7600000, 0x00000000a7700000, 0x00000000a7700000|100%| E|CS|TAMS 0x00000000a7600000| PB 0x00000000a7600000| Complete 
| 631|0x00000000a7700000, 0x00000000a7800000, 0x00000000a7800000|100%| E|CS|TAMS 0x00000000a7700000| PB 0x00000000a7700000| Complete 
| 632|0x00000000a7800000, 0x00000000a7900000, 0x00000000a7900000|100%| E|CS|TAMS 0x00000000a7800000| PB 0x00000000a7800000| Complete 
| 633|0x00000000a7900000, 0x00000000a7a00000, 0x00000000a7a00000|100%| E|CS|TAMS 0x00000000a7900000| PB 0x00000000a7900000| Complete 
| 634|0x00000000a7a00000, 0x00000000a7b00000, 0x00000000a7b00000|100%| E|CS|TAMS 0x00000000a7a00000| PB 0x00000000a7a00000| Complete 
| 635|0x00000000a7b00000, 0x00000000a7c00000, 0x00000000a7c00000|100%| E|CS|TAMS 0x00000000a7b00000| PB 0x00000000a7b00000| Complete 
| 636|0x00000000a7c00000, 0x00000000a7d00000, 0x00000000a7d00000|100%| E|CS|TAMS 0x00000000a7c00000| PB 0x00000000a7c00000| Complete 
| 637|0x00000000a7d00000, 0x00000000a7e00000, 0x00000000a7e00000|100%| E|CS|TAMS 0x00000000a7d00000| PB 0x00000000a7d00000| Complete 
| 638|0x00000000a7e00000, 0x00000000a7f00000, 0x00000000a7f00000|100%| E|CS|TAMS 0x00000000a7e00000| PB 0x00000000a7e00000| Complete 
| 639|0x00000000a7f00000, 0x00000000a8000000, 0x00000000a8000000|100%| E|CS|TAMS 0x00000000a7f00000| PB 0x00000000a7f00000| Complete 
| 640|0x00000000a8000000, 0x00000000a8100000, 0x00000000a8100000|100%| E|CS|TAMS 0x00000000a8000000| PB 0x00000000a8000000| Complete 
| 641|0x00000000a8100000, 0x00000000a8200000, 0x00000000a8200000|100%| E|CS|TAMS 0x00000000a8100000| PB 0x00000000a8100000| Complete 
| 642|0x00000000a8200000, 0x00000000a8300000, 0x00000000a8300000|100%| E|CS|TAMS 0x00000000a8200000| PB 0x00000000a8200000| Complete 
| 643|0x00000000a8300000, 0x00000000a8400000, 0x00000000a8400000|100%| E|CS|TAMS 0x00000000a8300000| PB 0x00000000a8300000| Complete 
| 644|0x00000000a8400000, 0x00000000a8500000, 0x00000000a8500000|100%| E|CS|TAMS 0x00000000a8400000| PB 0x00000000a8400000| Complete 
| 645|0x00000000a8500000, 0x00000000a8600000, 0x00000000a8600000|100%| E|CS|TAMS 0x00000000a8500000| PB 0x00000000a8500000| Complete 
| 646|0x00000000a8600000, 0x00000000a8700000, 0x00000000a8700000|100%| E|CS|TAMS 0x00000000a8600000| PB 0x00000000a8600000| Complete 
| 647|0x00000000a8700000, 0x00000000a8800000, 0x00000000a8800000|100%| E|CS|TAMS 0x00000000a8700000| PB 0x00000000a8700000| Complete 
| 648|0x00000000a8800000, 0x00000000a8900000, 0x00000000a8900000|100%| E|CS|TAMS 0x00000000a8800000| PB 0x00000000a8800000| Complete 
| 649|0x00000000a8900000, 0x00000000a8a00000, 0x00000000a8a00000|100%| E|CS|TAMS 0x00000000a8900000| PB 0x00000000a8900000| Complete 
| 650|0x00000000a8a00000, 0x00000000a8b00000, 0x00000000a8b00000|100%| E|CS|TAMS 0x00000000a8a00000| PB 0x00000000a8a00000| Complete 
| 651|0x00000000a8b00000, 0x00000000a8c00000, 0x00000000a8c00000|100%| E|CS|TAMS 0x00000000a8b00000| PB 0x00000000a8b00000| Complete 
| 652|0x00000000a8c00000, 0x00000000a8d00000, 0x00000000a8d00000|100%| E|CS|TAMS 0x00000000a8c00000| PB 0x00000000a8c00000| Complete 
| 653|0x00000000a8d00000, 0x00000000a8e00000, 0x00000000a8e00000|100%| E|CS|TAMS 0x00000000a8d00000| PB 0x00000000a8d00000| Complete 
| 654|0x00000000a8e00000, 0x00000000a8f00000, 0x00000000a8f00000|100%| E|CS|TAMS 0x00000000a8e00000| PB 0x00000000a8e00000| Complete 
| 655|0x00000000a8f00000, 0x00000000a9000000, 0x00000000a9000000|100%| E|CS|TAMS 0x00000000a8f00000| PB 0x00000000a8f00000| Complete 
| 656|0x00000000a9000000, 0x00000000a9100000, 0x00000000a9100000|100%| E|CS|TAMS 0x00000000a9000000| PB 0x00000000a9000000| Complete 
| 657|0x00000000a9100000, 0x00000000a9200000, 0x00000000a9200000|100%| E|CS|TAMS 0x00000000a9100000| PB 0x00000000a9100000| Complete 
| 658|0x00000000a9200000, 0x00000000a9300000, 0x00000000a9300000|100%| E|CS|TAMS 0x00000000a9200000| PB 0x00000000a9200000| Complete 
| 659|0x00000000a9300000, 0x00000000a9400000, 0x00000000a9400000|100%| E|CS|TAMS 0x00000000a9300000| PB 0x00000000a9300000| Complete 
| 660|0x00000000a9400000, 0x00000000a9500000, 0x00000000a9500000|100%| E|CS|TAMS 0x00000000a9400000| PB 0x00000000a9400000| Complete 
| 661|0x00000000a9500000, 0x00000000a9600000, 0x00000000a9600000|100%| E|CS|TAMS 0x00000000a9500000| PB 0x00000000a9500000| Complete 
| 662|0x00000000a9600000, 0x00000000a9700000, 0x00000000a9700000|100%| E|CS|TAMS 0x00000000a9600000| PB 0x00000000a9600000| Complete 
| 663|0x00000000a9700000, 0x00000000a9800000, 0x00000000a9800000|100%| E|CS|TAMS 0x00000000a9700000| PB 0x00000000a9700000| Complete 
| 664|0x00000000a9800000, 0x00000000a9900000, 0x00000000a9900000|100%| E|CS|TAMS 0x00000000a9800000| PB 0x00000000a9800000| Complete 
| 665|0x00000000a9900000, 0x00000000a9a00000, 0x00000000a9a00000|100%| E|CS|TAMS 0x00000000a9900000| PB 0x00000000a9900000| Complete 
| 666|0x00000000a9a00000, 0x00000000a9b00000, 0x00000000a9b00000|100%| E|CS|TAMS 0x00000000a9a00000| PB 0x00000000a9a00000| Complete 
| 667|0x00000000a9b00000, 0x00000000a9c00000, 0x00000000a9c00000|100%| E|CS|TAMS 0x00000000a9b00000| PB 0x00000000a9b00000| Complete 
| 668|0x00000000a9c00000, 0x00000000a9d00000, 0x00000000a9d00000|100%| E|CS|TAMS 0x00000000a9c00000| PB 0x00000000a9c00000| Complete 
| 669|0x00000000a9d00000, 0x00000000a9e00000, 0x00000000a9e00000|100%| E|CS|TAMS 0x00000000a9d00000| PB 0x00000000a9d00000| Complete 
| 670|0x00000000a9e00000, 0x00000000a9f00000, 0x00000000a9f00000|100%| E|CS|TAMS 0x00000000a9e00000| PB 0x00000000a9e00000| Complete 
| 671|0x00000000a9f00000, 0x00000000aa000000, 0x00000000aa000000|100%| E|CS|TAMS 0x00000000a9f00000| PB 0x00000000a9f00000| Complete 
| 672|0x00000000aa000000, 0x00000000aa100000, 0x00000000aa100000|100%| E|CS|TAMS 0x00000000aa000000| PB 0x00000000aa000000| Complete 
| 673|0x00000000aa100000, 0x00000000aa200000, 0x00000000aa200000|100%| E|CS|TAMS 0x00000000aa100000| PB 0x00000000aa100000| Complete 
| 674|0x00000000aa200000, 0x00000000aa300000, 0x00000000aa300000|100%| E|CS|TAMS 0x00000000aa200000| PB 0x00000000aa200000| Complete 
| 675|0x00000000aa300000, 0x00000000aa400000, 0x00000000aa400000|100%| E|CS|TAMS 0x00000000aa300000| PB 0x00000000aa300000| Complete 
| 676|0x00000000aa400000, 0x00000000aa500000, 0x00000000aa500000|100%| E|CS|TAMS 0x00000000aa400000| PB 0x00000000aa400000| Complete 
| 677|0x00000000aa500000, 0x00000000aa600000, 0x00000000aa600000|100%| E|CS|TAMS 0x00000000aa500000| PB 0x00000000aa500000| Complete 
| 678|0x00000000aa600000, 0x00000000aa700000, 0x00000000aa700000|100%| E|CS|TAMS 0x00000000aa600000| PB 0x00000000aa600000| Complete 
| 679|0x00000000aa700000, 0x00000000aa800000, 0x00000000aa800000|100%| E|CS|TAMS 0x00000000aa700000| PB 0x00000000aa700000| Complete 
| 680|0x00000000aa800000, 0x00000000aa900000, 0x00000000aa900000|100%| E|CS|TAMS 0x00000000aa800000| PB 0x00000000aa800000| Complete 
| 681|0x00000000aa900000, 0x00000000aaa00000, 0x00000000aaa00000|100%| E|CS|TAMS 0x00000000aa900000| PB 0x00000000aa900000| Complete 
| 682|0x00000000aaa00000, 0x00000000aab00000, 0x00000000aab00000|100%| E|CS|TAMS 0x00000000aaa00000| PB 0x00000000aaa00000| Complete 
| 683|0x00000000aab00000, 0x00000000aac00000, 0x00000000aac00000|100%| E|CS|TAMS 0x00000000aab00000| PB 0x00000000aab00000| Complete 
| 684|0x00000000aac00000, 0x00000000aad00000, 0x00000000aad00000|100%| E|CS|TAMS 0x00000000aac00000| PB 0x00000000aac00000| Complete 
| 685|0x00000000aad00000, 0x00000000aae00000, 0x00000000aae00000|100%| E|CS|TAMS 0x00000000aad00000| PB 0x00000000aad00000| Complete 
| 686|0x00000000aae00000, 0x00000000aaf00000, 0x00000000aaf00000|100%| E|CS|TAMS 0x00000000aae00000| PB 0x00000000aae00000| Complete 
| 687|0x00000000aaf00000, 0x00000000ab000000, 0x00000000ab000000|100%| E|CS|TAMS 0x00000000aaf00000| PB 0x00000000aaf00000| Complete 
| 688|0x00000000ab000000, 0x00000000ab100000, 0x00000000ab100000|100%| E|CS|TAMS 0x00000000ab000000| PB 0x00000000ab000000| Complete 
| 689|0x00000000ab100000, 0x00000000ab200000, 0x00000000ab200000|100%| E|CS|TAMS 0x00000000ab100000| PB 0x00000000ab100000| Complete 
| 690|0x00000000ab200000, 0x00000000ab300000, 0x00000000ab300000|100%| E|CS|TAMS 0x00000000ab200000| PB 0x00000000ab200000| Complete 
| 691|0x00000000ab300000, 0x00000000ab400000, 0x00000000ab400000|100%| E|CS|TAMS 0x00000000ab300000| PB 0x00000000ab300000| Complete 
| 692|0x00000000ab400000, 0x00000000ab500000, 0x00000000ab500000|100%| E|CS|TAMS 0x00000000ab400000| PB 0x00000000ab400000| Complete 
| 693|0x00000000ab500000, 0x00000000ab600000, 0x00000000ab600000|100%| E|CS|TAMS 0x00000000ab500000| PB 0x00000000ab500000| Complete 
| 694|0x00000000ab600000, 0x00000000ab700000, 0x00000000ab700000|100%| E|CS|TAMS 0x00000000ab600000| PB 0x00000000ab600000| Complete 
| 695|0x00000000ab700000, 0x00000000ab800000, 0x00000000ab800000|100%| E|CS|TAMS 0x00000000ab700000| PB 0x00000000ab700000| Complete 
| 696|0x00000000ab800000, 0x00000000ab900000, 0x00000000ab900000|100%| E|CS|TAMS 0x00000000ab800000| PB 0x00000000ab800000| Complete 
| 697|0x00000000ab900000, 0x00000000aba00000, 0x00000000aba00000|100%| E|CS|TAMS 0x00000000ab900000| PB 0x00000000ab900000| Complete 
| 698|0x00000000aba00000, 0x00000000abb00000, 0x00000000abb00000|100%| E|CS|TAMS 0x00000000aba00000| PB 0x00000000aba00000| Complete 
| 699|0x00000000abb00000, 0x00000000abc00000, 0x00000000abc00000|100%| E|CS|TAMS 0x00000000abb00000| PB 0x00000000abb00000| Complete 
| 700|0x00000000abc00000, 0x00000000abd00000, 0x00000000abd00000|100%| E|CS|TAMS 0x00000000abc00000| PB 0x00000000abc00000| Complete 
| 701|0x00000000abd00000, 0x00000000abe00000, 0x00000000abe00000|100%| E|CS|TAMS 0x00000000abd00000| PB 0x00000000abd00000| Complete 
| 702|0x00000000abe00000, 0x00000000abf00000, 0x00000000abf00000|100%| E|CS|TAMS 0x00000000abe00000| PB 0x00000000abe00000| Complete 
| 703|0x00000000abf00000, 0x00000000ac000000, 0x00000000ac000000|100%| E|CS|TAMS 0x00000000abf00000| PB 0x00000000abf00000| Complete 
| 704|0x00000000ac000000, 0x00000000ac100000, 0x00000000ac100000|100%| E|CS|TAMS 0x00000000ac000000| PB 0x00000000ac000000| Complete 
| 705|0x00000000ac100000, 0x00000000ac200000, 0x00000000ac200000|100%| E|CS|TAMS 0x00000000ac100000| PB 0x00000000ac100000| Complete 
| 706|0x00000000ac200000, 0x00000000ac300000, 0x00000000ac300000|100%| E|CS|TAMS 0x00000000ac200000| PB 0x00000000ac200000| Complete 
| 707|0x00000000ac300000, 0x00000000ac400000, 0x00000000ac400000|100%| E|CS|TAMS 0x00000000ac300000| PB 0x00000000ac300000| Complete 
| 708|0x00000000ac400000, 0x00000000ac500000, 0x00000000ac500000|100%| E|CS|TAMS 0x00000000ac400000| PB 0x00000000ac400000| Complete 
| 709|0x00000000ac500000, 0x00000000ac600000, 0x00000000ac600000|100%| E|CS|TAMS 0x00000000ac500000| PB 0x00000000ac500000| Complete 
| 710|0x00000000ac600000, 0x00000000ac700000, 0x00000000ac700000|100%| E|CS|TAMS 0x00000000ac600000| PB 0x00000000ac600000| Complete 
| 711|0x00000000ac700000, 0x00000000ac800000, 0x00000000ac800000|100%| E|CS|TAMS 0x00000000ac700000| PB 0x00000000ac700000| Complete 
| 712|0x00000000ac800000, 0x00000000ac900000, 0x00000000ac900000|100%| E|CS|TAMS 0x00000000ac800000| PB 0x00000000ac800000| Complete 
| 713|0x00000000ac900000, 0x00000000aca00000, 0x00000000aca00000|100%| E|CS|TAMS 0x00000000ac900000| PB 0x00000000ac900000| Complete 
| 714|0x00000000aca00000, 0x00000000acb00000, 0x00000000acb00000|100%| E|CS|TAMS 0x00000000aca00000| PB 0x00000000aca00000| Complete 
| 715|0x00000000acb00000, 0x00000000acc00000, 0x00000000acc00000|100%| E|CS|TAMS 0x00000000acb00000| PB 0x00000000acb00000| Complete 
| 716|0x00000000acc00000, 0x00000000acd00000, 0x00000000acd00000|100%| E|CS|TAMS 0x00000000acc00000| PB 0x00000000acc00000| Complete 
| 717|0x00000000acd00000, 0x00000000ace00000, 0x00000000ace00000|100%| E|CS|TAMS 0x00000000acd00000| PB 0x00000000acd00000| Complete 
| 718|0x00000000ace00000, 0x00000000acf00000, 0x00000000acf00000|100%| E|CS|TAMS 0x00000000ace00000| PB 0x00000000ace00000| Complete 
| 719|0x00000000acf00000, 0x00000000ad000000, 0x00000000ad000000|100%| E|CS|TAMS 0x00000000acf00000| PB 0x00000000acf00000| Complete 
| 720|0x00000000ad000000, 0x00000000ad100000, 0x00000000ad100000|100%| E|CS|TAMS 0x00000000ad000000| PB 0x00000000ad000000| Complete 
| 721|0x00000000ad100000, 0x00000000ad200000, 0x00000000ad200000|100%| E|CS|TAMS 0x00000000ad100000| PB 0x00000000ad100000| Complete 
| 722|0x00000000ad200000, 0x00000000ad300000, 0x00000000ad300000|100%| E|CS|TAMS 0x00000000ad200000| PB 0x00000000ad200000| Complete 
| 723|0x00000000ad300000, 0x00000000ad400000, 0x00000000ad400000|100%| E|CS|TAMS 0x00000000ad300000| PB 0x00000000ad300000| Complete 
| 724|0x00000000ad400000, 0x00000000ad500000, 0x00000000ad500000|100%| E|CS|TAMS 0x00000000ad400000| PB 0x00000000ad400000| Complete 
| 725|0x00000000ad500000, 0x00000000ad600000, 0x00000000ad600000|100%| E|CS|TAMS 0x00000000ad500000| PB 0x00000000ad500000| Complete 
| 726|0x00000000ad600000, 0x00000000ad700000, 0x00000000ad700000|100%| E|CS|TAMS 0x00000000ad600000| PB 0x00000000ad600000| Complete 
| 727|0x00000000ad700000, 0x00000000ad800000, 0x00000000ad800000|100%| E|CS|TAMS 0x00000000ad700000| PB 0x00000000ad700000| Complete 
| 728|0x00000000ad800000, 0x00000000ad900000, 0x00000000ad900000|100%| E|CS|TAMS 0x00000000ad800000| PB 0x00000000ad800000| Complete 
| 729|0x00000000ad900000, 0x00000000ada00000, 0x00000000ada00000|100%| E|CS|TAMS 0x00000000ad900000| PB 0x00000000ad900000| Complete 
| 730|0x00000000ada00000, 0x00000000adb00000, 0x00000000adb00000|100%| E|CS|TAMS 0x00000000ada00000| PB 0x00000000ada00000| Complete 
| 731|0x00000000adb00000, 0x00000000adc00000, 0x00000000adc00000|100%| E|CS|TAMS 0x00000000adb00000| PB 0x00000000adb00000| Complete 
| 732|0x00000000adc00000, 0x00000000add00000, 0x00000000add00000|100%| E|CS|TAMS 0x00000000adc00000| PB 0x00000000adc00000| Complete 
| 733|0x00000000add00000, 0x00000000ade00000, 0x00000000ade00000|100%| E|CS|TAMS 0x00000000add00000| PB 0x00000000add00000| Complete 
| 734|0x00000000ade00000, 0x00000000adf00000, 0x00000000adf00000|100%| E|CS|TAMS 0x00000000ade00000| PB 0x00000000ade00000| Complete 
| 735|0x00000000adf00000, 0x00000000ae000000, 0x00000000ae000000|100%| E|CS|TAMS 0x00000000adf00000| PB 0x00000000adf00000| Complete 
| 736|0x00000000ae000000, 0x00000000ae100000, 0x00000000ae100000|100%| E|CS|TAMS 0x00000000ae000000| PB 0x00000000ae000000| Complete 
| 737|0x00000000ae100000, 0x00000000ae200000, 0x00000000ae200000|100%| E|CS|TAMS 0x00000000ae100000| PB 0x00000000ae100000| Complete 
| 738|0x00000000ae200000, 0x00000000ae300000, 0x00000000ae300000|100%| E|CS|TAMS 0x00000000ae200000| PB 0x00000000ae200000| Complete 
| 739|0x00000000ae300000, 0x00000000ae400000, 0x00000000ae400000|100%| E|CS|TAMS 0x00000000ae300000| PB 0x00000000ae300000| Complete 
| 740|0x00000000ae400000, 0x00000000ae500000, 0x00000000ae500000|100%| E|CS|TAMS 0x00000000ae400000| PB 0x00000000ae400000| Complete 
| 741|0x00000000ae500000, 0x00000000ae600000, 0x00000000ae600000|100%| E|CS|TAMS 0x00000000ae500000| PB 0x00000000ae500000| Complete 
| 742|0x00000000ae600000, 0x00000000ae700000, 0x00000000ae700000|100%| E|CS|TAMS 0x00000000ae600000| PB 0x00000000ae600000| Complete 
| 743|0x00000000ae700000, 0x00000000ae800000, 0x00000000ae800000|100%| E|CS|TAMS 0x00000000ae700000| PB 0x00000000ae700000| Complete 
| 744|0x00000000ae800000, 0x00000000ae900000, 0x00000000ae900000|100%| E|CS|TAMS 0x00000000ae800000| PB 0x00000000ae800000| Complete 
| 745|0x00000000ae900000, 0x00000000aea00000, 0x00000000aea00000|100%| E|CS|TAMS 0x00000000ae900000| PB 0x00000000ae900000| Complete 
| 746|0x00000000aea00000, 0x00000000aeb00000, 0x00000000aeb00000|100%| E|CS|TAMS 0x00000000aea00000| PB 0x00000000aea00000| Complete 
| 747|0x00000000aeb00000, 0x00000000aec00000, 0x00000000aec00000|100%| E|CS|TAMS 0x00000000aeb00000| PB 0x00000000aeb00000| Complete 
| 748|0x00000000aec00000, 0x00000000aed00000, 0x00000000aed00000|100%| E|CS|TAMS 0x00000000aec00000| PB 0x00000000aec00000| Complete 
| 749|0x00000000aed00000, 0x00000000aee00000, 0x00000000aee00000|100%| E|CS|TAMS 0x00000000aed00000| PB 0x00000000aed00000| Complete 
| 750|0x00000000aee00000, 0x00000000aef00000, 0x00000000aef00000|100%| E|CS|TAMS 0x00000000aee00000| PB 0x00000000aee00000| Complete 
| 751|0x00000000aef00000, 0x00000000af000000, 0x00000000af000000|100%| E|CS|TAMS 0x00000000aef00000| PB 0x00000000aef00000| Complete 
| 752|0x00000000af000000, 0x00000000af100000, 0x00000000af100000|100%| E|CS|TAMS 0x00000000af000000| PB 0x00000000af000000| Complete 
| 753|0x00000000af100000, 0x00000000af200000, 0x00000000af200000|100%| E|CS|TAMS 0x00000000af100000| PB 0x00000000af100000| Complete 
| 754|0x00000000af200000, 0x00000000af300000, 0x00000000af300000|100%| E|CS|TAMS 0x00000000af200000| PB 0x00000000af200000| Complete 
| 755|0x00000000af300000, 0x00000000af400000, 0x00000000af400000|100%| E|CS|TAMS 0x00000000af300000| PB 0x00000000af300000| Complete 
| 756|0x00000000af400000, 0x00000000af500000, 0x00000000af500000|100%| E|CS|TAMS 0x00000000af400000| PB 0x00000000af400000| Complete 
| 757|0x00000000af500000, 0x00000000af600000, 0x00000000af600000|100%| E|CS|TAMS 0x00000000af500000| PB 0x00000000af500000| Complete 
| 758|0x00000000af600000, 0x00000000af700000, 0x00000000af700000|100%| E|CS|TAMS 0x00000000af600000| PB 0x00000000af600000| Complete 
| 759|0x00000000af700000, 0x00000000af800000, 0x00000000af800000|100%| E|CS|TAMS 0x00000000af700000| PB 0x00000000af700000| Complete 
| 760|0x00000000af800000, 0x00000000af900000, 0x00000000af900000|100%| E|CS|TAMS 0x00000000af800000| PB 0x00000000af800000| Complete 
| 761|0x00000000af900000, 0x00000000afa00000, 0x00000000afa00000|100%| E|CS|TAMS 0x00000000af900000| PB 0x00000000af900000| Complete 
| 762|0x00000000afa00000, 0x00000000afb00000, 0x00000000afb00000|100%| E|CS|TAMS 0x00000000afa00000| PB 0x00000000afa00000| Complete 
| 763|0x00000000afb00000, 0x00000000afc00000, 0x00000000afc00000|100%| E|CS|TAMS 0x00000000afb00000| PB 0x00000000afb00000| Complete 
| 764|0x00000000afc00000, 0x00000000afd00000, 0x00000000afd00000|100%| E|CS|TAMS 0x00000000afc00000| PB 0x00000000afc00000| Complete 
| 765|0x00000000afd00000, 0x00000000afe00000, 0x00000000afe00000|100%| E|CS|TAMS 0x00000000afd00000| PB 0x00000000afd00000| Complete 
| 766|0x00000000afe00000, 0x00000000aff00000, 0x00000000aff00000|100%| E|CS|TAMS 0x00000000afe00000| PB 0x00000000afe00000| Complete 
| 767|0x00000000aff00000, 0x00000000b0000000, 0x00000000b0000000|100%| E|CS|TAMS 0x00000000aff00000| PB 0x00000000aff00000| Complete 
| 768|0x00000000b0000000, 0x00000000b0100000, 0x00000000b0100000|100%| E|CS|TAMS 0x00000000b0000000| PB 0x00000000b0000000| Complete 
| 769|0x00000000b0100000, 0x00000000b0200000, 0x00000000b0200000|100%| E|CS|TAMS 0x00000000b0100000| PB 0x00000000b0100000| Complete 
| 770|0x00000000b0200000, 0x00000000b0300000, 0x00000000b0300000|100%| E|CS|TAMS 0x00000000b0200000| PB 0x00000000b0200000| Complete 
| 771|0x00000000b0300000, 0x00000000b0400000, 0x00000000b0400000|100%| E|CS|TAMS 0x00000000b0300000| PB 0x00000000b0300000| Complete 
| 772|0x00000000b0400000, 0x00000000b0500000, 0x00000000b0500000|100%| E|CS|TAMS 0x00000000b0400000| PB 0x00000000b0400000| Complete 
| 773|0x00000000b0500000, 0x00000000b0600000, 0x00000000b0600000|100%| E|CS|TAMS 0x00000000b0500000| PB 0x00000000b0500000| Complete 
| 774|0x00000000b0600000, 0x00000000b0700000, 0x00000000b0700000|100%| E|CS|TAMS 0x00000000b0600000| PB 0x00000000b0600000| Complete 
| 775|0x00000000b0700000, 0x00000000b0800000, 0x00000000b0800000|100%| E|CS|TAMS 0x00000000b0700000| PB 0x00000000b0700000| Complete 
| 776|0x00000000b0800000, 0x00000000b0900000, 0x00000000b0900000|100%| S|CS|TAMS 0x00000000b0800000| PB 0x00000000b0800000| Complete 
| 777|0x00000000b0900000, 0x00000000b0a00000, 0x00000000b0a00000|100%| S|CS|TAMS 0x00000000b0900000| PB 0x00000000b0900000| Complete 
| 778|0x00000000b0a00000, 0x00000000b0b00000, 0x00000000b0b00000|100%| S|CS|TAMS 0x00000000b0a00000| PB 0x00000000b0a00000| Complete 
| 779|0x00000000b0b00000, 0x00000000b0c00000, 0x00000000b0c00000|100%| S|CS|TAMS 0x00000000b0b00000| PB 0x00000000b0b00000| Complete 
| 780|0x00000000b0c00000, 0x00000000b0d00000, 0x00000000b0d00000|100%| S|CS|TAMS 0x00000000b0c00000| PB 0x00000000b0c00000| Complete 
| 781|0x00000000b0d00000, 0x00000000b0df1640, 0x00000000b0e00000| 94%| S|CS|TAMS 0x00000000b0d00000| PB 0x00000000b0d00000| Complete 
|1938|0x00000000f9200000, 0x00000000f92ea568, 0x00000000f9300000| 91%| O|  |TAMS 0x00000000f9200000| PB 0x00000000f9200000| Untracked 
|1939|0x00000000f9300000, 0x00000000f9400000, 0x00000000f9400000|100%| O|  |TAMS 0x00000000f9300000| PB 0x00000000f9300000| Untracked 
|1940|0x00000000f9400000, 0x00000000f9500000, 0x00000000f9500000|100%| O|  |TAMS 0x00000000f9400000| PB 0x00000000f9400000| Untracked 
|1941|0x00000000f9500000, 0x00000000f9600000, 0x00000000f9600000|100%| O|  |TAMS 0x00000000f9500000| PB 0x00000000f9500000| Untracked 
|1942|0x00000000f9600000, 0x00000000f9700000, 0x00000000f9700000|100%| O|  |TAMS 0x00000000f9600000| PB 0x00000000f9600000| Untracked 
|1943|0x00000000f9700000, 0x00000000f9800000, 0x00000000f9800000|100%| O|  |TAMS 0x00000000f9700000| PB 0x00000000f9700000| Untracked 
|1944|0x00000000f9800000, 0x00000000f9900000, 0x00000000f9900000|100%| E|CS|TAMS 0x00000000f9800000| PB 0x00000000f9800000| Complete 
|1945|0x00000000f9900000, 0x00000000f9a00000, 0x00000000f9a00000|100%| O|  |TAMS 0x00000000f9900000| PB 0x00000000f9900000| Untracked 
|1946|0x00000000f9a00000, 0x00000000f9b00000, 0x00000000f9b00000|100%| O|  |TAMS 0x00000000f9a00000| PB 0x00000000f9a00000| Untracked 
|1947|0x00000000f9b00000, 0x00000000f9c00000, 0x00000000f9c00000|100%| O|  |TAMS 0x00000000f9b00000| PB 0x00000000f9b00000| Untracked 
|1948|0x00000000f9c00000, 0x00000000f9d00000, 0x00000000f9d00000|100%| O|  |TAMS 0x00000000f9c00000| PB 0x00000000f9c00000| Untracked 
|1949|0x00000000f9d00000, 0x00000000f9e00000, 0x00000000f9e00000|100%| O|  |TAMS 0x00000000f9d00000| PB 0x00000000f9d00000| Untracked 
|1950|0x00000000f9e00000, 0x00000000f9f00000, 0x00000000f9f00000|100%| O|  |TAMS 0x00000000f9e00000| PB 0x00000000f9e00000| Untracked 
|1951|0x00000000f9f00000, 0x00000000fa000000, 0x00000000fa000000|100%| O|  |TAMS 0x00000000f9f00000| PB 0x00000000f9f00000| Untracked 
|1952|0x00000000fa000000, 0x00000000fa100000, 0x00000000fa100000|100%| O|  |TAMS 0x00000000fa000000| PB 0x00000000fa000000| Untracked 
|1953|0x00000000fa100000, 0x00000000fa200000, 0x00000000fa200000|100%| O|  |TAMS 0x00000000fa100000| PB 0x00000000fa100000| Untracked 
|1954|0x00000000fa200000, 0x00000000fa300000, 0x00000000fa300000|100%| O|  |TAMS 0x00000000fa200000| PB 0x00000000fa200000| Untracked 
|1955|0x00000000fa300000, 0x00000000fa400000, 0x00000000fa400000|100%| O|  |TAMS 0x00000000fa300000| PB 0x00000000fa300000| Untracked 
|1956|0x00000000fa400000, 0x00000000fa500000, 0x00000000fa500000|100%| O|  |TAMS 0x00000000fa400000| PB 0x00000000fa400000| Untracked 
|1957|0x00000000fa500000, 0x00000000fa600000, 0x00000000fa600000|100%| E|CS|TAMS 0x00000000fa500000| PB 0x00000000fa500000| Complete 
|1958|0x00000000fa600000, 0x00000000fa700000, 0x00000000fa700000|100%| E|CS|TAMS 0x00000000fa600000| PB 0x00000000fa600000| Complete 
|1959|0x00000000fa700000, 0x00000000fa800000, 0x00000000fa800000|100%| E|CS|TAMS 0x00000000fa700000| PB 0x00000000fa700000| Complete 
|1960|0x00000000fa800000, 0x00000000fa900000, 0x00000000fa900000|100%| E|CS|TAMS 0x00000000fa800000| PB 0x00000000fa800000| Complete 
|1961|0x00000000fa900000, 0x00000000faa00000, 0x00000000faa00000|100%| E|CS|TAMS 0x00000000fa900000| PB 0x00000000fa900000| Complete 
|1962|0x00000000faa00000, 0x00000000fab00000, 0x00000000fab00000|100%| O|  |TAMS 0x00000000faa00000| PB 0x00000000faa00000| Untracked 
|1963|0x00000000fab00000, 0x00000000fac00000, 0x00000000fac00000|100%| O|  |TAMS 0x00000000fab00000| PB 0x00000000fab00000| Untracked 
|1964|0x00000000fac00000, 0x00000000fad00000, 0x00000000fad00000|100%| O|  |TAMS 0x00000000fac00000| PB 0x00000000fac00000| Untracked 
|1965|0x00000000fad00000, 0x00000000fae00000, 0x00000000fae00000|100%| O|  |TAMS 0x00000000fad00000| PB 0x00000000fad00000| Untracked 
|1966|0x00000000fae00000, 0x00000000faf00000, 0x00000000faf00000|100%| O|  |TAMS 0x00000000fae00000| PB 0x00000000fae00000| Untracked 
|1967|0x00000000faf00000, 0x00000000fb000000, 0x00000000fb000000|100%| O|  |TAMS 0x00000000faf00000| PB 0x00000000faf00000| Untracked 
|1968|0x00000000fb000000, 0x00000000fb100000, 0x00000000fb100000|100%| E|CS|TAMS 0x00000000fb000000| PB 0x00000000fb000000| Complete 
|1969|0x00000000fb100000, 0x00000000fb200000, 0x00000000fb200000|100%| O|  |TAMS 0x00000000fb100000| PB 0x00000000fb100000| Untracked 
|1970|0x00000000fb200000, 0x00000000fb300000, 0x00000000fb300000|100%| O|  |TAMS 0x00000000fb200000| PB 0x00000000fb200000| Untracked 
|1971|0x00000000fb300000, 0x00000000fb400000, 0x00000000fb400000|100%| E|CS|TAMS 0x00000000fb300000| PB 0x00000000fb300000| Complete 
|1972|0x00000000fb400000, 0x00000000fb500000, 0x00000000fb500000|100%| O|  |TAMS 0x00000000fb400000| PB 0x00000000fb400000| Untracked 
|1973|0x00000000fb500000, 0x00000000fb600000, 0x00000000fb600000|100%| O|  |TAMS 0x00000000fb500000| PB 0x00000000fb500000| Untracked 
|1974|0x00000000fb600000, 0x00000000fb700000, 0x00000000fb700000|100%| O|  |TAMS 0x00000000fb600000| PB 0x00000000fb600000| Untracked 
|1975|0x00000000fb700000, 0x00000000fb800000, 0x00000000fb800000|100%| O|  |TAMS 0x00000000fb700000| PB 0x00000000fb700000| Untracked 
|1976|0x00000000fb800000, 0x00000000fb900000, 0x00000000fb900000|100%| E|CS|TAMS 0x00000000fb800000| PB 0x00000000fb800000| Complete 
|1977|0x00000000fb900000, 0x00000000fba00000, 0x00000000fba00000|100%| E|CS|TAMS 0x00000000fb900000| PB 0x00000000fb900000| Complete 
|1978|0x00000000fba00000, 0x00000000fbb00000, 0x00000000fbb00000|100%| E|CS|TAMS 0x00000000fba00000| PB 0x00000000fba00000| Complete 
|1979|0x00000000fbb00000, 0x00000000fbc00000, 0x00000000fbc00000|100%| E|CS|TAMS 0x00000000fbb00000| PB 0x00000000fbb00000| Complete 
|1980|0x00000000fbc00000, 0x00000000fbd00000, 0x00000000fbd00000|100%| E|CS|TAMS 0x00000000fbc00000| PB 0x00000000fbc00000| Complete 
|1981|0x00000000fbd00000, 0x00000000fbe00000, 0x00000000fbe00000|100%| E|CS|TAMS 0x00000000fbd00000| PB 0x00000000fbd00000| Complete 
|1982|0x00000000fbe00000, 0x00000000fbf00000, 0x00000000fbf00000|100%| E|CS|TAMS 0x00000000fbe00000| PB 0x00000000fbe00000| Complete 
|1983|0x00000000fbf00000, 0x00000000fc000000, 0x00000000fc000000|100%| E|CS|TAMS 0x00000000fbf00000| PB 0x00000000fbf00000| Complete 
|1984|0x00000000fc000000, 0x00000000fc100000, 0x00000000fc100000|100%| E|CS|TAMS 0x00000000fc000000| PB 0x00000000fc000000| Complete 
|1985|0x00000000fc100000, 0x00000000fc200000, 0x00000000fc200000|100%| E|CS|TAMS 0x00000000fc100000| PB 0x00000000fc100000| Complete 
|1986|0x00000000fc200000, 0x00000000fc300000, 0x00000000fc300000|100%| E|CS|TAMS 0x00000000fc200000| PB 0x00000000fc200000| Complete 
|1987|0x00000000fc300000, 0x00000000fc400000, 0x00000000fc400000|100%| E|CS|TAMS 0x00000000fc300000| PB 0x00000000fc300000| Complete 
|1988|0x00000000fc400000, 0x00000000fc500000, 0x00000000fc500000|100%| E|CS|TAMS 0x00000000fc400000| PB 0x00000000fc400000| Complete 
|1989|0x00000000fc500000, 0x00000000fc600000, 0x00000000fc600000|100%| E|CS|TAMS 0x00000000fc500000| PB 0x00000000fc500000| Complete 
|1990|0x00000000fc600000, 0x00000000fc700000, 0x00000000fc700000|100%| E|CS|TAMS 0x00000000fc600000| PB 0x00000000fc600000| Complete 
|1991|0x00000000fc700000, 0x00000000fc800000, 0x00000000fc800000|100%| E|CS|TAMS 0x00000000fc700000| PB 0x00000000fc700000| Complete 
|1992|0x00000000fc800000, 0x00000000fc900000, 0x00000000fc900000|100%| E|CS|TAMS 0x00000000fc800000| PB 0x00000000fc800000| Complete 
|1993|0x00000000fc900000, 0x00000000fca00000, 0x00000000fca00000|100%| E|CS|TAMS 0x00000000fc900000| PB 0x00000000fc900000| Complete 
|1994|0x00000000fca00000, 0x00000000fcb00000, 0x00000000fcb00000|100%| E|CS|TAMS 0x00000000fca00000| PB 0x00000000fca00000| Complete 
|1995|0x00000000fcb00000, 0x00000000fcc00000, 0x00000000fcc00000|100%| E|CS|TAMS 0x00000000fcb00000| PB 0x00000000fcb00000| Complete 
|1996|0x00000000fcc00000, 0x00000000fcd00000, 0x00000000fcd00000|100%| O|  |TAMS 0x00000000fcc00000| PB 0x00000000fcc00000| Untracked 
|1997|0x00000000fcd00000, 0x00000000fce00000, 0x00000000fce00000|100%| O|  |TAMS 0x00000000fcd00000| PB 0x00000000fcd00000| Untracked 
|1998|0x00000000fce00000, 0x00000000fcf00000, 0x00000000fcf00000|100%| O|  |TAMS 0x00000000fce00000| PB 0x00000000fce00000| Untracked 
|1999|0x00000000fcf00000, 0x00000000fd000000, 0x00000000fd000000|100%| O|  |TAMS 0x00000000fcf00000| PB 0x00000000fcf00000| Untracked 
|2000|0x00000000fd000000, 0x00000000fd100000, 0x00000000fd100000|100%| O|  |TAMS 0x00000000fd000000| PB 0x00000000fd000000| Untracked 
|2001|0x00000000fd100000, 0x00000000fd200000, 0x00000000fd200000|100%| O|  |TAMS 0x00000000fd100000| PB 0x00000000fd100000| Untracked 
|2002|0x00000000fd200000, 0x00000000fd300000, 0x00000000fd300000|100%| O|  |TAMS 0x00000000fd200000| PB 0x00000000fd200000| Untracked 
|2003|0x00000000fd300000, 0x00000000fd400000, 0x00000000fd400000|100%| O|  |TAMS 0x00000000fd300000| PB 0x00000000fd300000| Untracked 
|2004|0x00000000fd400000, 0x00000000fd500000, 0x00000000fd500000|100%| O|  |TAMS 0x00000000fd400000| PB 0x00000000fd400000| Untracked 
|2005|0x00000000fd500000, 0x00000000fd600000, 0x00000000fd600000|100%| O|  |TAMS 0x00000000fd500000| PB 0x00000000fd500000| Untracked 
|2006|0x00000000fd600000, 0x00000000fd700000, 0x00000000fd700000|100%| O|  |TAMS 0x00000000fd600000| PB 0x00000000fd600000| Untracked 
|2007|0x00000000fd700000, 0x00000000fd800000, 0x00000000fd800000|100%| O|  |TAMS 0x00000000fd700000| PB 0x00000000fd700000| Untracked 
|2008|0x00000000fd800000, 0x00000000fd900000, 0x00000000fd900000|100%| O|  |TAMS 0x00000000fd800000| PB 0x00000000fd800000| Untracked 
|2009|0x00000000fd900000, 0x00000000fda00000, 0x00000000fda00000|100%| O|  |TAMS 0x00000000fd900000| PB 0x00000000fd900000| Untracked 
|2010|0x00000000fda00000, 0x00000000fdb00000, 0x00000000fdb00000|100%| O|  |TAMS 0x00000000fda00000| PB 0x00000000fda00000| Untracked 
|2011|0x00000000fdb00000, 0x00000000fdc00000, 0x00000000fdc00000|100%| O|  |TAMS 0x00000000fdb00000| PB 0x00000000fdb00000| Untracked 
|2012|0x00000000fdc00000, 0x00000000fdd00000, 0x00000000fdd00000|100%| O|  |TAMS 0x00000000fdc00000| PB 0x00000000fdc00000| Untracked 
|2013|0x00000000fdd00000, 0x00000000fde00000, 0x00000000fde00000|100%| O|  |TAMS 0x00000000fdd00000| PB 0x00000000fdd00000| Untracked 
|2014|0x00000000fde00000, 0x00000000fdf00000, 0x00000000fdf00000|100%| O|  |TAMS 0x00000000fde00000| PB 0x00000000fde00000| Untracked 
|2015|0x00000000fdf00000, 0x00000000fe000000, 0x00000000fe000000|100%| O|  |TAMS 0x00000000fdf00000| PB 0x00000000fdf00000| Untracked 
|2016|0x00000000fe000000, 0x00000000fe100000, 0x00000000fe100000|100%| O|  |TAMS 0x00000000fe000000| PB 0x00000000fe000000| Untracked 
|2017|0x00000000fe100000, 0x00000000fe200000, 0x00000000fe200000|100%| O|  |TAMS 0x00000000fe100000| PB 0x00000000fe100000| Untracked 
|2018|0x00000000fe200000, 0x00000000fe300000, 0x00000000fe300000|100%| O|  |TAMS 0x00000000fe200000| PB 0x00000000fe200000| Untracked 
|2019|0x00000000fe300000, 0x00000000fe400000, 0x00000000fe400000|100%| O|  |TAMS 0x00000000fe300000| PB 0x00000000fe300000| Untracked 
|2020|0x00000000fe400000, 0x00000000fe500000, 0x00000000fe500000|100%| O|  |TAMS 0x00000000fe400000| PB 0x00000000fe400000| Untracked 
|2021|0x00000000fe500000, 0x00000000fe600000, 0x00000000fe600000|100%| O|  |TAMS 0x00000000fe500000| PB 0x00000000fe500000| Untracked 
|2022|0x00000000fe600000, 0x00000000fe700000, 0x00000000fe700000|100%| O|  |TAMS 0x00000000fe600000| PB 0x00000000fe600000| Untracked 
|2023|0x00000000fe700000, 0x00000000fe800000, 0x00000000fe800000|100%| O|  |TAMS 0x00000000fe700000| PB 0x00000000fe700000| Untracked 
|2024|0x00000000fe800000, 0x00000000fe900000, 0x00000000fe900000|100%| E|CS|TAMS 0x00000000fe800000| PB 0x00000000fe800000| Complete 
|2025|0x00000000fe900000, 0x00000000fea00000, 0x00000000fea00000|100%| O|  |TAMS 0x00000000fe900000| PB 0x00000000fe900000| Untracked 
|2026|0x00000000fea00000, 0x00000000feb00000, 0x00000000feb00000|100%| O|  |TAMS 0x00000000fea00000| PB 0x00000000fea00000| Untracked 
|2027|0x00000000feb00000, 0x00000000fec00000, 0x00000000fec00000|100%| O|  |TAMS 0x00000000feb00000| PB 0x00000000feb00000| Untracked 
|2028|0x00000000fec00000, 0x00000000fed00000, 0x00000000fed00000|100%| O|  |TAMS 0x00000000fec00000| PB 0x00000000fec00000| Untracked 
|2029|0x00000000fed00000, 0x00000000fee00000, 0x00000000fee00000|100%| O|  |TAMS 0x00000000fed00000| PB 0x00000000fed00000| Untracked 
|2030|0x00000000fee00000, 0x00000000fef00000, 0x00000000fef00000|100%| O|  |TAMS 0x00000000fee00000| PB 0x00000000fee00000| Untracked 
|2031|0x00000000fef00000, 0x00000000ff000000, 0x00000000ff000000|100%| O|  |TAMS 0x00000000fef00000| PB 0x00000000fef00000| Untracked 
|2032|0x00000000ff000000, 0x00000000ff100000, 0x00000000ff100000|100%| O|  |TAMS 0x00000000ff000000| PB 0x00000000ff000000| Untracked 
|2033|0x00000000ff100000, 0x00000000ff200000, 0x00000000ff200000|100%| O|  |TAMS 0x00000000ff100000| PB 0x00000000ff100000| Untracked 
|2034|0x00000000ff200000, 0x00000000ff300000, 0x00000000ff300000|100%| O|  |TAMS 0x00000000ff200000| PB 0x00000000ff200000| Untracked 
|2035|0x00000000ff300000, 0x00000000ff400000, 0x00000000ff400000|100%| O|  |TAMS 0x00000000ff300000| PB 0x00000000ff300000| Untracked 
|2036|0x00000000ff400000, 0x00000000ff500000, 0x00000000ff500000|100%| E|CS|TAMS 0x00000000ff400000| PB 0x00000000ff400000| Complete 
|2037|0x00000000ff500000, 0x00000000ff600000, 0x00000000ff600000|100%| E|CS|TAMS 0x00000000ff500000| PB 0x00000000ff500000| Complete 
|2038|0x00000000ff600000, 0x00000000ff700000, 0x00000000ff700000|100%| E|CS|TAMS 0x00000000ff600000| PB 0x00000000ff600000| Complete 
|2039|0x00000000ff700000, 0x00000000ff800000, 0x00000000ff800000|100%| E|CS|TAMS 0x00000000ff700000| PB 0x00000000ff700000| Complete 
|2040|0x00000000ff800000, 0x00000000ff900000, 0x00000000ff900000|100%| E|CS|TAMS 0x00000000ff800000| PB 0x00000000ff800000| Complete 
|2041|0x00000000ff900000, 0x00000000ffa00000, 0x00000000ffa00000|100%| E|CS|TAMS 0x00000000ff900000| PB 0x00000000ff900000| Complete 
|2042|0x00000000ffa00000, 0x00000000ffb00000, 0x00000000ffb00000|100%| O|  |TAMS 0x00000000ffa00000| PB 0x00000000ffa00000| Untracked 
|2043|0x00000000ffb00000, 0x00000000ffc00000, 0x00000000ffc00000|100%| O|  |TAMS 0x00000000ffb00000| PB 0x00000000ffb00000| Untracked 
|2044|0x00000000ffc00000, 0x00000000ffd00000, 0x00000000ffd00000|100%| E|CS|TAMS 0x00000000ffc00000| PB 0x00000000ffc00000| Complete 
|2045|0x00000000ffd00000, 0x00000000ffe00000, 0x00000000ffe00000|100%| E|CS|TAMS 0x00000000ffd00000| PB 0x00000000ffd00000| Complete 
|2046|0x00000000ffe00000, 0x00000000fff00000, 0x00000000fff00000|100%| E|CS|TAMS 0x00000000ffe00000| PB 0x00000000ffe00000| Complete 
|2047|0x00000000fff00000, 0x0000000100000000, 0x0000000100000000|100%| E|CS|TAMS 0x00000000fff00000| PB 0x00000000fff00000| Complete 

Card table byte_map: [0x00007b1949600000,0x00007b1949a00000] _byte_map_base: 0x00007b1949200000

Marking Bits: (CMBitMap*) 0x00007b1944088430
 Bits: [0x00007b192fe00000, 0x00007b1931e00000)

Polling page: 0x00007b194c1f3000

Metaspace:

Usage:
  Non-class:    152,04 MB used.
      Class:     24,10 MB used.
       Both:    176,14 MB used.

Virtual space:
  Non-class space:      192,00 MB reserved,     153,31 MB ( 80%) committed,  3 nodes.
      Class space:        1,00 GB reserved,      25,38 MB (  2%) committed,  1 nodes.
             Both:        1,19 GB reserved,     178,69 MB ( 15%) committed. 

Chunk freelists:
   Non-Class:  6,58 MB
       Class:  6,47 MB
        Both:  13,05 MB

MaxMetaspaceSize: unlimited
CompressedClassSpaceSize: 1,00 GB
Initial GC threshold: 21,00 MB
Current GC threshold: 297,62 MB
CDS: off
 - commit_granule_bytes: 65536.
 - commit_granule_words: 8192.
 - virtual_space_node_default_size: 8388608.
 - enlarge_chunks_in_place: 1.
 - use_allocation_guard: 0.


Internal statistics:

num_allocs_failed_limit: 12.
num_arena_births: 5180.
num_arena_deaths: 44.
num_vsnodes_births: 4.
num_vsnodes_deaths: 0.
num_space_committed: 2865.
num_space_uncommitted: 5.
num_chunks_returned_to_freelist: 124.
num_chunks_taken_from_freelist: 12973.
num_chunk_merges: 32.
num_chunk_splits: 8602.
num_chunks_enlarged: 5660.
num_inconsistent_stats: 0.

CodeHeap 'non-profiled nmethods': size=120028Kb used=16577Kb max_used=17763Kb free=103451Kb
 bounds [0x00007b19398c9000, 0x00007b193aa39000, 0x00007b1940e00000]
CodeHeap 'profiled nmethods': size=120028Kb used=27101Kb max_used=36195Kb free=92926Kb
 bounds [0x00007b1931e00000, 0x00007b1934160000, 0x00007b1939337000]
CodeHeap 'non-nmethods': size=5704Kb used=2285Kb max_used=2371Kb free=3418Kb
 bounds [0x00007b1939337000, 0x00007b19395a7000, 0x00007b19398c9000]
CodeCache: size=245760Kb, used=45963Kb, max_used=56329Kb, free=199795Kb
 total_blobs=16205, nmethods=15192, adapters=914, full_count=0
Compilation: enabled, stopped_count=0, restarted_count=0

Compilation events (20 events):
Event: 10669,657 Thread 0x00007b19442abb10 nmethod 35083 0x00007b1932f56b90 code [0x00007b1932f56d40, 0x00007b1932f56e80]
Event: 10669,657 Thread 0x00007b19442abb10 35080       3       org.gradle.api.services.internal.DefaultBuildServicesRegistry::findByName (14 bytes)
Event: 10669,658 Thread 0x00007b19442abb10 nmethod 35080 0x00007b1932a80b10 code [0x00007b1932a80d20, 0x00007b1932a813e0]
Event: 10669,658 Thread 0x00007b19442abb10 35081       3       org.gradle.api.services.internal.DefaultBuildServicesRegistry$$Lambda/0x00000001010c8bf0::<init> (10 bytes)
Event: 10669,658 Thread 0x00007b19442abb10 nmethod 35081 0x00007b1932f81c90 code [0x00007b1932f81e20, 0x00007b1932f81fd0]
Event: 10669,668 Thread 0x00007b19442abb10 35087       3       org.gradle.internal.file.FileHierarchySet$PrefixFileSet::contains (13 bytes)
Event: 10669,669 Thread 0x00007b19442abb10 nmethod 35087 0x00007b1933610290 code [0x00007b1933610440, 0x00007b19336105d0]
Event: 10669,669 Thread 0x00007b19442abb10 35088       3       org.gradle.internal.execution.history.changes.OutputFileChanges::visitChangesSince (201 bytes)
Event: 10669,672 Thread 0x00007b19442abb10 nmethod 35088 0x00007b19326ae710 code [0x00007b19326aed40, 0x00007b19326b2570]
Event: 10669,672 Thread 0x00007b19442abb10 35093       3       com.google.common.cache.LocalCache::<init> (465 bytes)
Event: 10669,678 Thread 0x00007b19442abb10 nmethod 35093 0x00007b1933592810 code [0x00007b1933592e60, 0x00007b1933597340]
Event: 10669,678 Thread 0x00007b19442abb10 35090       3       java.util.TreeMap::fixAfterDeletion (351 bytes)
Event: 10669,682 Thread 0x00007b19442abb10 nmethod 35090 0x00007b1932535c90 code [0x00007b1932536240, 0x00007b19325391b8]
Event: 10669,682 Thread 0x00007b19442abb10 35094       3       com.google.common.cache.CacheBuilder::getConcurrencyLevel (17 bytes)
Event: 10669,682 Thread 0x00007b19442abb10 nmethod 35094 0x00007b1932830c10 code [0x00007b1932830da0, 0x00007b1932830ee8]
Event: 10669,682 Thread 0x00007b19442abb10 35089       3       org.gradle.internal.execution.history.changes.OutputFileChanges$1::updated (42 bytes)
Event: 10669,682 Thread 0x00007b19442abb10 nmethod 35089 0x00007b1932a87690 code [0x00007b1932a878c0, 0x00007b1932a87e98]
Event: 10669,682 Thread 0x00007b19442abb10 35092       1       org.gradle.api.internal.artifacts.type.DefaultArtifactTypeContainer$DefaultArtifactTypeDefinition::getName (5 bytes)
Event: 10669,683 Thread 0x00007b19442abb10 nmethod 35092 0x00007b1939f09690 code [0x00007b1939f09820, 0x00007b1939f098e0]
Event: 10669,685 Thread 0x00007b19442abb10 35098       3       org.gradle.api.internal.attributes.matching.DefaultAttributeSelectionSchema::disambiguate (105 bytes)

GC Heap History (20 events):
Event: 1007,820 GC heap before
{Heap before GC invocations=121 (full 0):
 garbage-first heap   total 831488K, used 717330K [0x0000000080000000, 0x0000000100000000)
  region size 1024K, 487 young (498688K), 42 survivors (43008K)
 Metaspace       used 180186K, committed 182848K, reserved 1245184K
  class space    used 24698K, committed 25984K, reserved 1048576K
}
Event: 1007,847 GC heap after
{Heap after GC invocations=122 (full 0):
 garbage-first heap   total 831488K, used 249608K [0x0000000080000000, 0x0000000100000000)
  region size 1024K, 30 young (30720K), 30 survivors (30720K)
 Metaspace       used 180186K, committed 182848K, reserved 1245184K
  class space    used 24698K, committed 25984K, reserved 1048576K
}
Event: 1008,430 GC heap before
{Heap before GC invocations=122 (full 0):
 garbage-first heap   total 831488K, used 717576K [0x0000000080000000, 0x0000000100000000)
  region size 1024K, 487 young (498688K), 30 survivors (30720K)
 Metaspace       used 180189K, committed 182848K, reserved 1245184K
  class space    used 24698K, committed 25984K, reserved 1048576K
}
Event: 1008,447 GC heap after
{Heap after GC invocations=123 (full 0):
 garbage-first heap   total 831488K, used 252680K [0x0000000080000000, 0x0000000100000000)
  region size 1024K, 33 young (33792K), 33 survivors (33792K)
 Metaspace       used 180189K, committed 182848K, reserved 1245184K
  class space    used 24698K, committed 25984K, reserved 1048576K
}
Event: 1009,188 GC heap before
{Heap before GC invocations=124 (full 0):
 garbage-first heap   total 744448K, used 639752K [0x0000000080000000, 0x0000000100000000)
  region size 1024K, 436 young (446464K), 33 survivors (33792K)
 Metaspace       used 180189K, committed 182848K, reserved 1245184K
  class space    used 24698K, committed 25984K, reserved 1048576K
}
Event: 1009,216 GC heap after
{Heap after GC invocations=125 (full 0):
 garbage-first heap   total 744448K, used 275240K [0x0000000080000000, 0x0000000100000000)
  region size 1024K, 54 young (55296K), 54 survivors (55296K)
 Metaspace       used 180189K, committed 182848K, reserved 1245184K
  class space    used 24698K, committed 25984K, reserved 1048576K
}
Event: 1011,025 GC heap before
{Heap before GC invocations=125 (full 0):
 garbage-first heap   total 838656K, used 836392K [0x0000000080000000, 0x0000000100000000)
  region size 1024K, 407 young (416768K), 54 survivors (55296K)
 Metaspace       used 180194K, committed 182848K, reserved 1245184K
  class space    used 24698K, committed 25984K, reserved 1048576K
}
Event: 1011,054 GC heap after
{Heap after GC invocations=126 (full 0):
 garbage-first heap   total 900096K, used 264737K [0x0000000080000000, 0x0000000100000000)
  region size 1024K, 6 young (6144K), 6 survivors (6144K)
 Metaspace       used 180194K, committed 182848K, reserved 1245184K
  class space    used 24698K, committed 25984K, reserved 1048576K
}
Event: 1011,057 GC heap before
{Heap before GC invocations=126 (full 0):
 garbage-first heap   total 900096K, used 267809K [0x0000000080000000, 0x0000000100000000)
  region size 1024K, 10 young (10240K), 6 survivors (6144K)
 Metaspace       used 180194K, committed 182848K, reserved 1245184K
  class space    used 24698K, committed 25984K, reserved 1048576K
}
Event: 1011,060 GC heap after
{Heap after GC invocations=127 (full 0):
 garbage-first heap   total 900096K, used 264066K [0x0000000080000000, 0x0000000100000000)
  region size 1024K, 6 young (6144K), 6 survivors (6144K)
 Metaspace       used 180194K, committed 182848K, reserved 1245184K
  class space    used 24698K, committed 25984K, reserved 1048576K
}
Event: 1011,334 GC heap before
{Heap before GC invocations=128 (full 0):
 garbage-first heap   total 894976K, used 880514K [0x0000000080000000, 0x0000000100000000)
  region size 1024K, 524 young (536576K), 6 survivors (6144K)
 Metaspace       used 179910K, committed 182656K, reserved 1245184K
  class space    used 24675K, committed 25984K, reserved 1048576K
}
Event: 1011,339 GC heap after
{Heap after GC invocations=129 (full 0):
 garbage-first heap   total 894976K, used 264662K [0x0000000080000000, 0x0000000100000000)
  region size 1024K, 6 young (6144K), 6 survivors (6144K)
 Metaspace       used 179910K, committed 182656K, reserved 1245184K
  class space    used 24675K, committed 25984K, reserved 1048576K
}
Event: 1011,534 GC heap before
{Heap before GC invocations=129 (full 0):
 garbage-first heap   total 894976K, used 795094K [0x0000000080000000, 0x0000000100000000)
  region size 1024K, 524 young (536576K), 6 survivors (6144K)
 Metaspace       used 179910K, committed 182656K, reserved 1245184K
  class space    used 24675K, committed 25984K, reserved 1048576K
}
Event: 1011,541 GC heap after
{Heap after GC invocations=130 (full 0):
 garbage-first heap   total 894976K, used 256671K [0x0000000080000000, 0x0000000100000000)
  region size 1024K, 6 young (6144K), 6 survivors (6144K)
 Metaspace       used 179910K, committed 182656K, reserved 1245184K
  class space    used 24675K, committed 25984K, reserved 1048576K
}
Event: 1011,600 GC heap before
{Heap before GC invocations=130 (full 0):
 garbage-first heap   total 894976K, used 368287K [0x0000000080000000, 0x0000000100000000)
  region size 1024K, 116 young (118784K), 6 survivors (6144K)
 Metaspace       used 179910K, committed 182656K, reserved 1245184K
  class space    used 24675K, committed 25984K, reserved 1048576K
}
Event: 1011,603 GC heap after
{Heap after GC invocations=131 (full 0):
 garbage-first heap   total 894976K, used 256795K [0x0000000080000000, 0x0000000100000000)
  region size 1024K, 6 young (6144K), 6 survivors (6144K)
 Metaspace       used 179910K, committed 182656K, reserved 1245184K
  class space    used 24675K, committed 25984K, reserved 1048576K
}
Event: 1011,942 GC heap before
{Heap before GC invocations=132 (full 0):
 garbage-first heap   total 894976K, used 892699K [0x0000000080000000, 0x0000000100000000)
  region size 1024K, 404 young (413696K), 6 survivors (6144K)
 Metaspace       used 179910K, committed 182656K, reserved 1245184K
  class space    used 24675K, committed 25984K, reserved 1048576K
}
Event: 1011,948 GC heap after
{Heap after GC invocations=133 (full 0):
 garbage-first heap   total 901120K, used 256698K [0x0000000080000000, 0x0000000100000000)
  region size 1024K, 6 young (6144K), 6 survivors (6144K)
 Metaspace       used 179910K, committed 182656K, reserved 1245184K
  class space    used 24675K, committed 25984K, reserved 1048576K
}
Event: 1012,245 GC heap before
{Heap before GC invocations=133 (full 0):
 garbage-first heap   total 901120K, used 898746K [0x0000000080000000, 0x0000000100000000)
  region size 1024K, 410 young (419840K), 6 survivors (6144K)
 Metaspace       used 179910K, committed 182656K, reserved 1245184K
  class space    used 24675K, committed 25984K, reserved 1048576K
}
Event: 1012,255 GC heap after
{Heap after GC invocations=134 (full 0):
 garbage-first heap   total 913408K, used 251758K [0x0000000080000000, 0x0000000100000000)
  region size 1024K, 6 young (6144K), 6 survivors (6144K)
 Metaspace       used 179910K, committed 182656K, reserved 1245184K
  class space    used 24675K, committed 25984K, reserved 1048576K
}

Dll operation events (13 events):
Event: 0,003 Loaded shared library /app/extra/jbr/lib/libjava.so
Event: 0,008 Loaded shared library /app/extra/jbr/lib/libzip.so
Event: 0,105 Loaded shared library /app/extra/jbr/lib/libnio.so
Event: 0,109 Loaded shared library /app/extra/jbr/lib/libinstrument.so
Event: 0,114 Loaded shared library /app/extra/jbr/lib/libzip.so
Event: 0,175 Loaded shared library /app/extra/jbr/lib/libnet.so
Event: 0,255 Loaded shared library /app/extra/jbr/lib/libjimage.so
Event: 0,554 Loaded shared library /app/extra/jbr/lib/libverify.so
Event: 0,578 Loaded shared library /home/unmec/.gradle/native/660c5614fbf4a5f2a75b1949f50a0caf5cd603558e7d8a26e50b933a0cfb79d1/linux-amd64/libnative-platform.so
Event: 0,597 Loaded shared library /home/unmec/.gradle/native/0.2.8/x86_64-linux-gnu/libgradle-fileevents.so
Event: 1,349 Loaded shared library /app/extra/jbr/lib/libmanagement.so
Event: 1,350 Loaded shared library /app/extra/jbr/lib/libmanagement_ext.so
Event: 1,420 Loaded shared library /app/extra/jbr/lib/libextnet.so

Deoptimization events (20 events):
Event: 10669,350 Thread 0x00007b17b8003830 Uncommon trap: trap_request=0xfffffff4 fr.pc=0x00007b193a4f3a54 relative=0x0000000000000a34
Event: 10669,350 Thread 0x00007b17b8003830 Uncommon trap: reason=null_check action=make_not_entrant pc=0x00007b193a4f3a54 method=org.gradle.api.internal.provider.DefaultPropertyFactory.property(Ljava/lang/Class;)Lorg/gradle/api/internal/provider/DefaultProperty; @ 60 c2
Event: 10669,350 Thread 0x00007b17b8003830 DEOPT PACKING pc=0x00007b193a4f3a54 sp=0x00007b18aa2d1870
Event: 10669,350 Thread 0x00007b17b8003830 DEOPT UNPACKING pc=0x00007b193938af99 sp=0x00007b18aa2d1838 mode 2
Event: 10669,370 Thread 0x00007b17b8003830 Uncommon trap: trap_request=0xfffffff4 fr.pc=0x00007b193a2997e8 relative=0x0000000000000a48
Event: 10669,370 Thread 0x00007b17b8003830 Uncommon trap: reason=null_check action=make_not_entrant pc=0x00007b193a2997e8 method=org.gradle.api.internal.provider.DefaultPropertyFactory.property(Ljava/lang/Class;)Lorg/gradle/api/internal/provider/DefaultProperty; @ 84 c2
Event: 10669,370 Thread 0x00007b17b8003830 DEOPT PACKING pc=0x00007b193a2997e8 sp=0x00007b18aa2d1530
Event: 10669,370 Thread 0x00007b17b8003830 DEOPT UNPACKING pc=0x00007b193938af99 sp=0x00007b18aa2d14f8 mode 2
Event: 10669,381 Thread 0x00007b17b8003830 Uncommon trap: trap_request=0xfffffff4 fr.pc=0x00007b193a8cfc7c relative=0x0000000000000a5c
Event: 10669,381 Thread 0x00007b17b8003830 Uncommon trap: reason=null_check action=make_not_entrant pc=0x00007b193a8cfc7c method=org.gradle.api.internal.provider.DefaultPropertyFactory.property(Ljava/lang/Class;)Lorg/gradle/api/internal/provider/DefaultProperty; @ 108 c2
Event: 10669,381 Thread 0x00007b17b8003830 DEOPT PACKING pc=0x00007b193a8cfc7c sp=0x00007b18aa2d1ac0
Event: 10669,381 Thread 0x00007b17b8003830 DEOPT UNPACKING pc=0x00007b193938af99 sp=0x00007b18aa2d1a88 mode 2
Event: 10669,472 Thread 0x00007b18440156c0 Uncommon trap: trap_request=0xffffffdc fr.pc=0x00007b193a8b8354 relative=0x0000000000000374
Event: 10669,472 Thread 0x00007b18440156c0 Uncommon trap: reason=class_check action=make_not_entrant pc=0x00007b193a8b8354 method=com.google.common.collect.Platform.copy([Ljava/lang/Object;II[Ljava/lang/Object;)[Ljava/lang/Object; @ 7 c2
Event: 10669,472 Thread 0x00007b18440156c0 DEOPT PACKING pc=0x00007b193a8b8354 sp=0x00007b18a87d6a00
Event: 10669,472 Thread 0x00007b18440156c0 DEOPT UNPACKING pc=0x00007b193938af99 sp=0x00007b18a87d6930 mode 2
Event: 10669,573 Thread 0x00007b17b4057b60 Uncommon trap: trap_request=0xffffff45 fr.pc=0x00007b1939c88874 relative=0x0000000000000ff4
Event: 10669,573 Thread 0x00007b17b4057b60 Uncommon trap: reason=unstable_if action=reinterpret pc=0x00007b1939c88874 method=java.util.concurrent.ConcurrentHashMap.addCount(JI)V @ 260 c2
Event: 10669,573 Thread 0x00007b17b4057b60 DEOPT PACKING pc=0x00007b1939c88874 sp=0x00007b18aa7d6ff0
Event: 10669,573 Thread 0x00007b17b4057b60 DEOPT UNPACKING pc=0x00007b193938af99 sp=0x00007b18aa7d6ec0 mode 2

Classes loaded (20 events):
Event: 307,099 Loading class sun/nio/cs/UTF_16$Decoder
Event: 307,099 Loading class sun/nio/cs/UTF_16$Decoder done
Event: 307,112 Loading class jdk/internal/vm/annotation/ForceInline
Event: 307,112 Loading class jdk/internal/vm/annotation/ForceInline done
Event: 307,157 Loading class java/util/concurrent/Executors$DelegatedScheduledExecutorService
Event: 307,157 Loading class java/util/concurrent/Executors$DelegatedExecutorService
Event: 307,157 Loading class java/util/concurrent/Executors$DelegatedExecutorService done
Event: 307,157 Loading class java/util/concurrent/Executors$DelegatedScheduledExecutorService done
Event: 307,168 Loading class java/util/regex/Pattern$LineEnding
Event: 307,169 Loading class java/util/regex/Pattern$LineEnding done
Event: 307,199 Loading class java/util/Collections$UnmodifiableList$1
Event: 307,199 Loading class java/util/Collections$UnmodifiableList$1 done
Event: 307,208 Loading class sun/nio/cs/UTF_16$Encoder
Event: 307,208 Loading class sun/nio/cs/UnicodeEncoder
Event: 307,208 Loading class sun/nio/cs/UnicodeEncoder done
Event: 307,208 Loading class sun/nio/cs/UTF_16$Encoder done
Event: 307,212 Loading class sun/nio/cs/Surrogate$Parser
Event: 307,212 Loading class sun/nio/cs/Surrogate$Parser done
Event: 307,212 Loading class sun/nio/cs/Surrogate
Event: 307,212 Loading class sun/nio/cs/Surrogate done

Classes unloaded (20 events):
Event: 1011,164 Thread 0x00007b19441c3e20 Unloading class 0x00000001019899c8 'jdk/internal/jimage/ImageHeader'
Event: 1011,164 Thread 0x00007b19441c3e20 Unloading class 0x0000000101989760 'jdk/internal/jimage/BasicImageReader$2'
Event: 1011,164 Thread 0x00007b19441c3e20 Unloading class 0x00000001019894f8 'jdk/internal/jimage/BasicImageReader$1'
Event: 1011,164 Thread 0x00007b19441c3e20 Unloading class 0x0000000101989258 'jdk/internal/jimage/ImageReader$Resource'
Event: 1011,164 Thread 0x00007b19441c3e20 Unloading class 0x0000000101988fb8 'jdk/internal/jimage/ImageReader$LinkNode'
Event: 1011,164 Thread 0x00007b19441c3e20 Unloading class 0x0000000101988d18 'jdk/internal/jimage/ImageReader$Directory'
Event: 1011,164 Thread 0x00007b19441c3e20 Unloading class 0x0000000101988a78 'jdk/internal/jimage/ImageReader$Node'
Event: 1011,164 Thread 0x00007b19441c3e20 Unloading class 0x0000000101988848 'jdk/internal/jimage/ImageStrings'
Event: 1011,164 Thread 0x00007b19441c3e20 Unloading class 0x0000000101988550 'jdk/internal/jimage/ImageReader$SharedImageReader'
Event: 1011,164 Thread 0x00007b19441c3e20 Unloading class 0x0000000101988258 'jdk/internal/jimage/BasicImageReader'
Event: 1011,164 Thread 0x00007b19441c3e20 Unloading class 0x0000000101988000 'jdk/internal/jimage/ImageReader'
Event: 1011,164 Thread 0x00007b19441c3e20 Unloading class 0x0000000101987c10 'jdk/internal/jrtfs/SystemImage$2'
Event: 1011,164 Thread 0x00007b19441c3e20 Unloading class 0x00000001019879c0 'jdk/internal/jrtfs/SystemImage$$Lambda+0x00000001019879c0'
Event: 1011,164 Thread 0x00007b19441c3e20 Unloading class 0x0000000101987758 'jdk/internal/jrtfs/ExplodedImage'
Event: 1011,164 Thread 0x00007b19441c3e20 Unloading class 0x00000001019874e8 'jdk/internal/jrtfs/SystemImage$1'
Event: 1011,164 Thread 0x00007b19441c3e20 Unloading class 0x0000000101987298 'jdk/internal/jrtfs/SystemImage'
Event: 1011,164 Thread 0x00007b19441c3e20 Unloading class 0x0000000101987000 'jdk/internal/jrtfs/JrtFileStore'
Event: 1011,164 Thread 0x00007b19441c3e20 Unloading class 0x0000000101986400 'jdk/internal/jrtfs/JrtPath'
Event: 1011,164 Thread 0x00007b19441c3e20 Unloading class 0x0000000101986b28 'jdk/internal/jrtfs/JrtFileSystem'
Event: 1011,164 Thread 0x00007b19441c3e20 Unloading class 0x0000000101986800 'jdk/internal/jrtfs/JrtFileSystemProvider'

Classes redefined (0 events):
No events

Internal exceptions (20 events):
Event: 10651,536 Thread 0x00007b1945be47b0 Exception <a 'sun/nio/fs/UnixException'{0x00000000a0c8b898}> (0x00000000a0c8b898) 
thrown [src/hotspot/share/prims/jni.cpp, line 537]
Event: 10651,537 Thread 0x00007b1945be47b0 Exception <a 'sun/nio/fs/UnixException'{0x00000000a0c92fb8}> (0x00000000a0c92fb8) 
thrown [src/hotspot/share/prims/jni.cpp, line 537]
Event: 10661,536 Thread 0x00007b1945be47b0 Exception <a 'sun/nio/fs/UnixException'{0x00000000a0c9aa80}> (0x00000000a0c9aa80) 
thrown [src/hotspot/share/prims/jni.cpp, line 537]
Event: 10661,537 Thread 0x00007b1945be47b0 Exception <a 'sun/nio/fs/UnixException'{0x00000000a0ca21a0}> (0x00000000a0ca21a0) 
thrown [src/hotspot/share/prims/jni.cpp, line 537]
Event: 10669,078 Thread 0x00007b18c801c820 Exception <a 'sun/nio/fs/UnixException'{0x00000000a0ba0680}> (0x00000000a0ba0680) 
thrown [src/hotspot/share/prims/jni.cpp, line 537]
Event: 10669,089 Thread 0x00007b17b8003830 Exception <a 'sun/nio/fs/UnixException'{0x00000000a0926fd8}> (0x00000000a0926fd8) 
thrown [src/hotspot/share/prims/jni.cpp, line 537]
Event: 10669,090 Thread 0x00007b17b8003830 Exception <a 'sun/nio/fs/UnixException'{0x00000000a0970c88}> (0x00000000a0970c88) 
thrown [src/hotspot/share/prims/jni.cpp, line 537]
Event: 10669,096 Thread 0x00007b17b8003830 Exception <a 'sun/nio/fs/UnixException'{0x00000000a0837d98}> (0x00000000a0837d98) 
thrown [src/hotspot/share/prims/jni.cpp, line 537]
Event: 10669,098 Thread 0x00007b17b8003830 Exception <a 'sun/nio/fs/UnixException'{0x00000000a0862470}> (0x00000000a0862470) 
thrown [src/hotspot/share/prims/jni.cpp, line 537]
Event: 10669,099 Thread 0x00007b17b8003830 Exception <a 'sun/nio/fs/UnixException'{0x00000000a0700250}> (0x00000000a0700250) 
thrown [src/hotspot/share/prims/jni.cpp, line 537]
Event: 10669,135 Thread 0x00007b17b8003830 Exception <a 'sun/nio/fs/UnixException'{0x00000000a03339c0}> (0x00000000a03339c0) 
thrown [src/hotspot/share/prims/jni.cpp, line 537]
Event: 10669,136 Thread 0x00007b17b8003830 Exception <a 'sun/nio/fs/UnixException'{0x00000000a0334b40}> (0x00000000a0334b40) 
thrown [src/hotspot/share/prims/jni.cpp, line 537]
Event: 10669,136 Thread 0x00007b17b8003830 Exception <a 'sun/nio/fs/UnixException'{0x00000000a0335cb8}> (0x00000000a0335cb8) 
thrown [src/hotspot/share/prims/jni.cpp, line 537]
Event: 10669,323 Thread 0x00007b17b8003830 Implicit null exception at 0x00007b193a113f68 to 0x00007b193a1148b2
Event: 10669,350 Thread 0x00007b17b8003830 Implicit null exception at 0x00007b193a4f315e to 0x00007b193a4f3a4a
Event: 10669,370 Thread 0x00007b17b8003830 Implicit null exception at 0x00007b193a298f54 to 0x00007b193a2997de
Event: 10669,381 Thread 0x00007b17b8003830 Implicit null exception at 0x00007b193a8cf44a to 0x00007b193a8cfc72
Event: 10669,471 Thread 0x00007b18440156c0 Exception <a 'sun/nio/fs/UnixException'{0x000000009d2a5df0}> (0x000000009d2a5df0) 
thrown [src/hotspot/share/prims/jni.cpp, line 537]
Event: 10669,476 Thread 0x00007b18440ccff0 Exception <a 'sun/nio/fs/UnixException'{0x000000009d2f4c78}> (0x000000009d2f4c78) 
thrown [src/hotspot/share/prims/jni.cpp, line 537]
Event: 10669,631 Thread 0x00007b18440ccff0 Exception <a 'sun/nio/fs/UnixException'{0x000000009a6de088}> (0x000000009a6de088) 
thrown [src/hotspot/share/prims/jni.cpp, line 537]

ZGC Phase Switch (0 events):
No events

VM Operations (20 events):
Event: 6962,423 Executing safepoint VM operation: Cleanup
Event: 6962,423 Executing safepoint VM operation: Cleanup done
Event: 7342,485 Executing safepoint VM operation: Cleanup
Event: 7342,485 Executing safepoint VM operation: Cleanup done
Event: 7372,490 Executing safepoint VM operation: Cleanup
Event: 7372,490 Executing safepoint VM operation: Cleanup done
Event: 7592,517 Executing safepoint VM operation: Cleanup
Event: 7592,517 Executing safepoint VM operation: Cleanup done
Event: 8641,672 Executing safepoint VM operation: Cleanup
Event: 8641,672 Executing safepoint VM operation: Cleanup done
Event: 8931,720 Executing safepoint VM operation: Cleanup
Event: 8931,720 Executing safepoint VM operation: Cleanup done
Event: 9701,845 Executing safepoint VM operation: Cleanup
Event: 9701,845 Executing safepoint VM operation: Cleanup done
Event: 9947,883 Executing safepoint VM operation: Cleanup
Event: 9947,883 Executing safepoint VM operation: Cleanup done
Event: 10162,919 Executing safepoint VM operation: Cleanup
Event: 10162,919 Executing safepoint VM operation: Cleanup done
Event: 10669,388 Executing safepoint VM operation: ICBufferFull
Event: 10669,388 Executing safepoint VM operation: ICBufferFull done

Memory protections (20 events):
Event: 10669,115 Protecting memory [0x00007b192c0fc000,0x00007b192c100000] with protection modes 0
Event: 10669,115 Protecting memory [0x00007b18ab5fa000,0x00007b18ab5fe000] with protection modes 0
Event: 10669,115 Protecting memory [0x00007b18a97d9000,0x00007b18a97dd000] with protection modes 0
Event: 10669,127 Protecting memory [0x00007b18aa6d9000,0x00007b18aa6dd000] with protection modes 0
Event: 10669,127 Protecting memory [0x00007b18a8100000,0x00007b18a8104000] with protection modes 0
Event: 10669,307 Protecting memory [0x00007b18abf00000,0x00007b18abf04000] with protection modes 0
Event: 10669,320 Protecting memory [0x00007b18aa8d9000,0x00007b18aa8dd000] with protection modes 0
Event: 10669,470 Protecting memory [0x00007b18aafd9000,0x00007b18aafdd000] with protection modes 0
Event: 10669,471 Protecting memory [0x00007b18a86d9000,0x00007b18a86dd000] with protection modes 0
Event: 10669,471 Protecting memory [0x00007b192c1fc000,0x00007b192c200000] with protection modes 0
Event: 10669,471 Protecting memory [0x00007b17b12e0000,0x00007b17b12e4000] with protection modes 0
Event: 10669,471 Protecting memory [0x00007b18a84d9000,0x00007b18a84dd000] with protection modes 0
Event: 10669,471 Protecting memory [0x00007b18a9300000,0x00007b18a9304000] with protection modes 0
Event: 10669,471 Protecting memory [0x00007b18a8f00000,0x00007b18a8f04000] with protection modes 0
Event: 10669,471 Protecting memory [0x00007b18aa9d9000,0x00007b18aa9dd000] with protection modes 0
Event: 10669,472 Protecting memory [0x00007b18aa7d9000,0x00007b18aa7dd000] with protection modes 0
Event: 10669,472 Protecting memory [0x00007b18aaed9000,0x00007b18aaedd000] with protection modes 0
Event: 10669,472 Protecting memory [0x00007b192d300000,0x00007b192d304000] with protection modes 0
Event: 10669,472 Protecting memory [0x00007b192c5fc000,0x00007b192c600000] with protection modes 0
Event: 10669,472 Protecting memory [0x00007b192c4fc000,0x00007b192c500000] with protection modes 0

Nmethod flushes (20 events):
Event: 1011,766 Thread 0x00007b19441c3e20 flushing  nmethod 0x00007b1931fd3a10
Event: 1011,766 Thread 0x00007b19441c3e20 flushing  nmethod 0x00007b1933aad910
Event: 1011,766 Thread 0x00007b19441c3e20 flushing  nmethod 0x00007b19340a1010
Event: 1011,766 Thread 0x00007b19441c3e20 flushing  nmethod 0x00007b1931e74610
Event: 1011,766 Thread 0x00007b19441c3e20 flushing  nmethod 0x00007b1931e78310
Event: 1011,766 Thread 0x00007b19441c3e20 flushing  nmethod 0x00007b193203c990
Event: 1011,766 Thread 0x00007b19441c3e20 flushing  nmethod 0x00007b1933313a90
Event: 1011,766 Thread 0x00007b19441c3e20 flushing  nmethod 0x00007b19338dd010
Event: 1011,766 Thread 0x00007b19441c3e20 flushing  nmethod 0x00007b1931f1bb90
Event: 1011,766 Thread 0x00007b19441c3e20 flushing  nmethod 0x00007b19320a3f10
Event: 1011,766 Thread 0x00007b19441c3e20 flushing  nmethod 0x00007b1932d6f090
Event: 1011,766 Thread 0x00007b19441c3e20 flushing  nmethod 0x00007b1932f7b090
Event: 1011,766 Thread 0x00007b19441c3e20 flushing  nmethod 0x00007b19399df090
Event: 1011,766 Thread 0x00007b19441c3e20 flushing  nmethod 0x00007b1931e49610
Event: 1011,766 Thread 0x00007b19441c3e20 flushing  nmethod 0x00007b1931e4c890
Event: 1011,766 Thread 0x00007b19441c3e20 flushing  nmethod 0x00007b1931fbcf90
Event: 1011,766 Thread 0x00007b19441c3e20 flushing  nmethod 0x00007b1933402b90
Event: 1011,766 Thread 0x00007b19441c3e20 flushing  nmethod 0x00007b193388eb10
Event: 1011,766 Thread 0x00007b19441c3e20 flushing  nmethod 0x00007b19326a2490
Event: 1011,766 Thread 0x00007b19441c3e20 flushing  nmethod 0x00007b1933a27a90

Events (20 events):
Event: 10669,115 Thread 0x00007b19442abb10 Thread added: 0x00007b18f09adc60
Event: 10669,115 Thread 0x00007b17b8003830 Thread added: 0x00007b17b4055c10
Event: 10669,115 Thread 0x00007b17b8003830 Thread added: 0x00007b17b4056e30
Event: 10669,127 Thread 0x00007b17b8003830 Thread added: 0x00007b17b4057b60
Event: 10669,127 Thread 0x00007b17b8003830 Thread added: 0x00007b17b40b2cc0
Event: 10669,307 Thread 0x00007b17b8003830 Thread added: 0x00007b17b40fc7a0
Event: 10669,320 Thread 0x00007b17b8003830 Thread added: 0x00007b17b40fd890
Event: 10669,470 Thread 0x00007b17b8003830 Thread added: 0x00007b17b410bfe0
Event: 10669,471 Thread 0x00007b17b410bfe0 Thread added: 0x00007b18440156c0
Event: 10669,471 Thread 0x00007b17b410bfe0 Thread added: 0x00007b18440ccff0
Event: 10669,471 Thread 0x00007b17b410bfe0 Thread added: 0x00007b184404bea0
Event: 10669,471 Thread 0x00007b17b410bfe0 Thread added: 0x00007b18440488c0
Event: 10669,471 Thread 0x00007b17b410bfe0 Thread added: 0x00007b184400fe70
Event: 10669,471 Thread 0x00007b18440156c0 Thread added: 0x00007b17fc1d9740
Event: 10669,471 Thread 0x00007b17b410bfe0 Thread added: 0x00007b18440129f0
Event: 10669,472 Thread 0x00007b17b410bfe0 Thread added: 0x00007b18440cc3b0
Event: 10669,472 Thread 0x00007b17b410bfe0 Thread added: 0x00007b18440135e0
Event: 10669,472 Thread 0x00007b17b410bfe0 Thread added: 0x00007b18440e5e90
Event: 10669,472 Thread 0x00007b17b410bfe0 Thread added: 0x00007b184400b480
Event: 10669,472 Thread 0x00007b17b410bfe0 Thread added: 0x00007b18440e7150


Dynamic libraries:
80000000-b0e00000 rw-p 00000000 00:00 0 
b0e00000-f9200000 ---p 00000000 00:00 0 
f9200000-100040000 rw-p 00000000 00:00 0 
100040000-1000c0000 rw-p 00000000 00:00 0 
1000c0000-100100000 rw-p 00000000 00:00 0 
100100000-100180000 rw-p 00000000 00:00 0 
100180000-100240000 rw-p 00000000 00:00 0 
100240000-100280000 rw-p 00000000 00:00 0 
100280000-100700000 rw-p 00000000 00:00 0 
100700000-100a60000 rw-p 00000000 00:00 0 
100a60000-100a80000 rw-p 00000000 00:00 0 
100a80000-100c80000 rw-p 00000000 00:00 0 
100c80000-100d00000 rw-p 00000000 00:00 0 
100d00000-1017c0000 rw-p 00000000 00:00 0 
1017c0000-101800000 rw-p 00000000 00:00 0 
101800000-101950000 rw-p 00000000 00:00 0 
101950000-101980000 ---p 00000000 00:00 0 
101980000-101990000 rw-p 00000000 00:00 0 
101990000-140000000 ---p 00000000 00:00 0 
57100b13e000-57100b13f000 r--p 00000000 08:15 12329984                   /app/extra/jbr/bin/java
57100b13f000-57100b140000 r-xp 00000000 08:15 12329984                   /app/extra/jbr/bin/java
57100b140000-57100b142000 r--p 00000000 08:15 12329984                   /app/extra/jbr/bin/java
57100b142000-57100b143000 rw-p 00001000 08:15 12329984                   /app/extra/jbr/bin/java
571044da7000-57104545a000 rw-p 00000000 00:00 0                          [heap]
7b1774000000-7b1777016000 rw-p 00000000 00:00 0 
7b1777016000-7b1778000000 ---p 00000000 00:00 0 
7b177c000000-7b177fff8000 rw-p 00000000 00:00 0 
7b177fff8000-7b1780000000 ---p 00000000 00:00 0 
7b1780000000-7b1783ff8000 rw-p 00000000 00:00 0 
7b1783ff8000-7b1784000000 ---p 00000000 00:00 0 
7b1784000000-7b1787ff8000 rw-p 00000000 00:00 0 
7b1787ff8000-7b1788000000 ---p 00000000 00:00 0 
7b1788000000-7b178bff8000 rw-p 00000000 00:00 0 
7b178bff8000-7b178c000000 ---p 00000000 00:00 0 
7b178c000000-7b178fff8000 rw-p 00000000 00:00 0 
7b178fff8000-7b1790000000 ---p 00000000 00:00 0 
7b1790000000-7b1793ff8000 rw-p 00000000 00:00 0 
7b1793ff8000-7b1794000000 ---p 00000000 00:00 0 
7b1794000000-7b1797ff8000 rw-p 00000000 00:00 0 
7b1797ff8000-7b1798000000 ---p 00000000 00:00 0 
7b1798000000-7b179bff8000 rw-p 00000000 00:00 0 
7b179bff8000-7b179c000000 ---p 00000000 00:00 0 
7b179c000000-7b179c780000 rw-p 00000000 00:00 0 
7b179c780000-7b179c800000 rw-p 00000000 00:00 0 
7b179c800000-7b179cb80000 rw-p 00000000 00:00 0 
7b179cb80000-7b179cc00000 rw-p 00000000 00:00 0 
7b179cc00000-7b179d100000 rw-p 00000000 00:00 0 
7b179d100000-7b179d200000 rw-p 00000000 00:00 0 
7b179d200000-7b179d380000 rw-p 00000000 00:00 0 
7b179d380000-7b179d400000 rw-p 00000000 00:00 0 
7b179d400000-7b179d580000 rw-p 00000000 00:00 0 
7b179d580000-7b179d5e0000 rw-p 00000000 00:00 0 
7b179d5e0000-7b179d600000 ---p 00000000 00:00 0 
7b179d600000-7b179d970000 rw-p 00000000 00:00 0 
7b179d970000-7b17a0000000 ---p 00000000 00:00 0 
7b17a0000000-7b17a199c000 rw-p 00000000 00:00 0 
7b17a199c000-7b17a4000000 ---p 00000000 00:00 0 
7b17a4000000-7b17a7ff8000 rw-p 00000000 00:00 0 
7b17a7ff8000-7b17a8000000 ---p 00000000 00:00 0 
7b17a8000000-7b17a87a5000 rw-p 00000000 00:00 0 
7b17a87a5000-7b17ac000000 ---p 00000000 00:00 0 
7b17ac000000-7b17afffb000 rw-p 00000000 00:00 0 
7b17afffb000-7b17b0000000 ---p 00000000 00:00 0 
7b17b12e0000-7b17b12e4000 ---p 00000000 00:00 0 
7b17b12e4000-7b17b13e0000 rw-p 00000000 00:00 0 
7b17b3600000-7b17b3604000 ---p 00000000 00:00 0 
7b17b3604000-7b17b3700000 rw-p 00000000 00:00 0 
7b17b3700000-7b17b3704000 ---p 00000000 00:00 0 
7b17b3704000-7b17b3800000 rw-p 00000000 00:00 0 
7b17b3800000-7b17b3804000 ---p 00000000 00:00 0 
7b17b3804000-7b17b3900000 rw-p 00000000 00:00 0 
7b17b3a00000-7b17b3a04000 ---p 00000000 00:00 0 
7b17b3a04000-7b17b3b00000 rw-p 00000000 00:00 0 
7b17b3b00000-7b17b3b04000 ---p 00000000 00:00 0 
7b17b3b04000-7b17b3c00000 rw-p 00000000 00:00 0 
7b17b3d00000-7b17b3d04000 ---p 00000000 00:00 0 
7b17b3d04000-7b17b3e00000 rw-p 00000000 00:00 0 
7b17b3e00000-7b17b3e04000 ---p 00000000 00:00 0 
7b17b3e04000-7b17b3f00000 rw-p 00000000 00:00 0 
7b17b4000000-7b17b52c4000 rw-p 00000000 00:00 0 
7b17b52c4000-7b17b8000000 ---p 00000000 00:00 0 
7b17b8000000-7b17b8986000 rw-p 00000000 00:00 0 
7b17b8986000-7b17bc000000 ---p 00000000 00:00 0 
7b17bc000000-7b17bd7b3000 rw-p 00000000 00:00 0 
7b17bd7b3000-7b17c0000000 ---p 00000000 00:00 0 
7b17c0000000-7b17c0958000 rw-p 00000000 00:00 0 
7b17c0958000-7b17c4000000 ---p 00000000 00:00 0 
7b17c4000000-7b17c457f000 rw-p 00000000 00:00 0 
7b17c457f000-7b17c8000000 ---p 00000000 00:00 0 
7b17c8000000-7b17c9752000 rw-p 00000000 00:00 0 
7b17c9752000-7b17cc000000 ---p 00000000 00:00 0 
7b17cc000000-7b17cd39a000 rw-p 00000000 00:00 0 
7b17cd39a000-7b17d0000000 ---p 00000000 00:00 0 
7b17d0000000-7b17d14c3000 rw-p 00000000 00:00 0 
7b17d14c3000-7b17d4000000 ---p 00000000 00:00 0 
7b17d4000000-7b17d428c000 rw-p 00000000 00:00 0 
7b17d428c000-7b17d8000000 ---p 00000000 00:00 0 
7b17d8000000-7b17d838a000 rw-p 00000000 00:00 0 
7b17d838a000-7b17dc000000 ---p 00000000 00:00 0 
7b17dc000000-7b17dd724000 rw-p 00000000 00:00 0 
7b17dd724000-7b17e0000000 ---p 00000000 00:00 0 
7b17e0000000-7b17e019c000 rw-p 00000000 00:00 0 
7b17e019c000-7b17e4000000 ---p 00000000 00:00 0 
7b17e4000000-7b17e4409000 rw-p 00000000 00:00 0 
7b17e4409000-7b17e8000000 ---p 00000000 00:00 0 
7b17e8000000-7b17e93a0000 rw-p 00000000 00:00 0 
7b17e93a0000-7b17ec000000 ---p 00000000 00:00 0 
7b17ec000000-7b17ed624000 rw-p 00000000 00:00 0 
7b17ed624000-7b17f0000000 ---p 00000000 00:00 0 
7b17f0000000-7b17f1845000 rw-p 00000000 00:00 0 
7b17f1845000-7b17f4000000 ---p 00000000 00:00 0 
7b17f4000000-7b17f7ffc000 rw-p 00000000 00:00 0 
7b17f7ffc000-7b17f8000000 ---p 00000000 00:00 0 
7b17f8000000-7b17f9513000 rw-p 00000000 00:00 0 
7b17f9513000-7b17fc000000 ---p 00000000 00:00 0 
7b17fc000000-7b17fd3c4000 rw-p 00000000 00:00 0 
7b17fd3c4000-7b1800000000 ---p 00000000 00:00 0 
7b1800000000-7b1801ade000 rw-p 00000000 00:00 0 
7b1801ade000-7b1804000000 ---p 00000000 00:00 0 
7b1804000000-7b1804300000 rw-p 00000000 00:00 0 
7b1804300000-7b1804400000 rw-p 00000000 00:00 0 
7b1804400000-7b1804700000 rw-p 00000000 00:00 0 
7b1804700000-7b1804800000 rw-p 00000000 00:00 0 
7b1804800000-7b1804940000 rw-p 00000000 00:00 0 
7b1804940000-7b1804980000 rw-p 00000000 00:00 0 
7b1804980000-7b1804b00000 rw-p 00000000 00:00 0 
7b1804b00000-7b1804c00000 rw-p 00000000 00:00 0 
7b1804c00000-7b1805d00000 rw-p 00000000 00:00 0 
7b1805d00000-7b1805e00000 rw-p 00000000 00:00 0 
7b1805e00000-7b1806d00000 rw-p 00000000 00:00 0 
7b1806d00000-7b1806e00000 rw-p 00000000 00:00 0 
7b1806e00000-7b1808000000 rw-p 00000000 00:00 0 
7b1808000000-7b1808022000 rw-p 00000000 00:00 0 
7b1808022000-7b180c000000 ---p 00000000 00:00 0 
7b180c000000-7b180c52f000 rw-p 00000000 00:00 0 
7b180c52f000-7b1810000000 ---p 00000000 00:00 0 
7b1810000000-7b1810028000 rw-p 00000000 00:00 0 
7b1810028000-7b1814000000 ---p 00000000 00:00 0 
7b1814000000-7b181410f000 rw-p 00000000 00:00 0 
7b181410f000-7b1818000000 ---p 00000000 00:00 0 
7b1818000000-7b1818798000 rw-p 00000000 00:00 0 
7b1818798000-7b181c000000 ---p 00000000 00:00 0 
7b181c000000-7b181c02c000 rw-p 00000000 00:00 0 
7b181c02c000-7b1820000000 ---p 00000000 00:00 0 
7b1820000000-7b18217f7000 rw-p 00000000 00:00 0 
7b18217f7000-7b1824000000 ---p 00000000 00:00 0 
7b1824000000-7b1824e67000 rw-p 00000000 00:00 0 
7b1824e67000-7b1828000000 ---p 00000000 00:00 0 
7b1828000000-7b1828575000 rw-p 00000000 00:00 0 
7b1828575000-7b182c000000 ---p 00000000 00:00 0 
7b182c000000-7b182d652000 rw-p 00000000 00:00 0 
7b182d652000-7b1830000000 ---p 00000000 00:00 0 
7b1830000000-7b183004e000 rw-p 00000000 00:00 0 
7b183004e000-7b1834000000 ---p 00000000 00:00 0 
7b1834000000-7b1834185000 rw-p 00000000 00:00 0 
7b1834185000-7b1838000000 ---p 00000000 00:00 0 
7b1838000000-7b18380fe000 rw-p 00000000 00:00 0 
7b18380fe000-7b183c000000 ---p 00000000 00:00 0 
7b183c000000-7b183fffd000 rw-p 00000000 00:00 0 
7b183fffd000-7b1840000000 ---p 00000000 00:00 0 
7b1840000000-7b184004f000 rw-p 00000000 00:00 0 
7b184004f000-7b1844000000 ---p 00000000 00:00 0 
7b1844000000-7b184438e000 rw-p 00000000 00:00 0 
7b184438e000-7b1848000000 ---p 00000000 00:00 0 
7b1848000000-7b18481bf000 rw-p 00000000 00:00 0 
7b18481bf000-7b184c000000 ---p 00000000 00:00 0 
7b184c000000-7b184c95c000 rw-p 00000000 00:00 0 
7b184c95c000-7b1850000000 ---p 00000000 00:00 0 
7b1850000000-7b1850127000 rw-p 00000000 00:00 0 
7b1850127000-7b1854000000 ---p 00000000 00:00 0 
7b1854000000-7b1854310000 rw-p 00000000 00:00 0 
7b1854310000-7b1858000000 ---p 00000000 00:00 0 
7b1858000000-7b185860d000 rw-p 00000000 00:00 0 
7b185860d000-7b185c000000 ---p 00000000 00:00 0 
7b185c000000-7b185c61a000 rw-p 00000000 00:00 0 
7b185c61a000-7b1860000000 ---p 00000000 00:00 0 
7b1860000000-7b1861576000 rw-p 00000000 00:00 0 
7b1861576000-7b1864000000 ---p 00000000 00:00 0 
7b1864000000-7b1865164000 rw-p 00000000 00:00 0 
7b1865164000-7b1868000000 ---p 00000000 00:00 0 
7b1868000000-7b186860c000 rw-p 00000000 00:00 0 
7b186860c000-7b186c000000 ---p 00000000 00:00 0 
7b186c000000-7b186c716000 rw-p 00000000 00:00 0 
7b186c716000-7b1870000000 ---p 00000000 00:00 0 
7b1870000000-7b1870b16000 rw-p 00000000 00:00 0 
7b1870b16000-7b1874000000 ---p 00000000 00:00 0 
7b1874000000-7b187460f000 rw-p 00000000 00:00 0 
7b187460f000-7b1878000000 ---p 00000000 00:00 0 
7b1878000000-7b1879b88000 rw-p 00000000 00:00 0 
7b1879b88000-7b187c000000 ---p 00000000 00:00 0 
7b187c000000-7b187c41b000 rw-p 00000000 00:00 0 
7b187c41b000-7b1880000000 ---p 00000000 00:00 0 
7b1880000000-7b1880021000 rw-p 00000000 00:00 0 
7b1880021000-7b1884000000 ---p 00000000 00:00 0 
7b1884000000-7b1884695000 rw-p 00000000 00:00 0 
7b1884695000-7b1888000000 ---p 00000000 00:00 0 
7b1888000000-7b18886cd000 rw-p 00000000 00:00 0 
7b18886cd000-7b188c000000 ---p 00000000 00:00 0 
7b188c000000-7b188c4b4000 rw-p 00000000 00:00 0 
7b188c4b4000-7b1890000000 ---p 00000000 00:00 0 
7b1890000000-7b1890554000 rw-p 00000000 00:00 0 
7b1890554000-7b1894000000 ---p 00000000 00:00 0 
7b1894000000-7b189450c000 rw-p 00000000 00:00 0 
7b189450c000-7b1898000000 ---p 00000000 00:00 0 
7b1898000000-7b189834e000 rw-p 00000000 00:00 0 
7b189834e000-7b189c000000 ---p 00000000 00:00 0 
7b189c000000-7b189cc84000 rw-p 00000000 00:00 0 
7b189cc84000-7b18a0000000 ---p 00000000 00:00 0 
7b18a0000000-7b18a055f000 rw-p 00000000 00:00 0 
7b18a055f000-7b18a4000000 ---p 00000000 00:00 0 
7b18a4000000-7b18a4761000 rw-p 00000000 00:00 0 
7b18a4761000-7b18a8004000 ---p 00000000 00:00 0 
7b18a8004000-7b18a8100000 rw-p 00000000 00:00 0 
7b18a8100000-7b18a8104000 ---p 00000000 00:00 0 
7b18a8104000-7b18a8200000 rw-p 00000000 00:00 0 
7b18a83d9000-7b18a83dd000 ---p 00000000 00:00 0 
7b18a83dd000-7b18a84d9000 rw-p 00000000 00:00 0 
7b18a84d9000-7b18a84dd000 ---p 00000000 00:00 0 
7b18a84dd000-7b18a85d9000 rw-p 00000000 00:00 0 
7b18a85d9000-7b18a85dd000 ---p 00000000 00:00 0 
7b18a85dd000-7b18a86d9000 rw-p 00000000 00:00 0 
7b18a86d9000-7b18a86dd000 ---p 00000000 00:00 0 
7b18a86dd000-7b18a87d9000 rw-p 00000000 00:00 0 
7b18a87d9000-7b18a87dd000 ---p 00000000 00:00 0 
7b18a87dd000-7b18a88d9000 rw-p 00000000 00:00 0 
7b18a88d9000-7b18a88dd000 ---p 00000000 00:00 0 
7b18a88dd000-7b18a89d9000 rw-p 00000000 00:00 0 
7b18a8bd9000-7b18a8bdd000 ---p 00000000 00:00 0 
7b18a8bdd000-7b18a8cd9000 rw-p 00000000 00:00 0 
7b18a8e00000-7b18a8e04000 ---p 00000000 00:00 0 
7b18a8e04000-7b18a8f00000 rw-p 00000000 00:00 0 
7b18a8f00000-7b18a8f04000 ---p 00000000 00:00 0 
7b18a8f04000-7b18a9000000 rw-p 00000000 00:00 0 
7b18a9100000-7b18a9104000 ---p 00000000 00:00 0 
7b18a9104000-7b18a9200000 rw-p 00000000 00:00 0 
7b18a9300000-7b18a9304000 ---p 00000000 00:00 0 
7b18a9304000-7b18a9400000 rw-p 00000000 00:00 0 
7b18a94d9000-7b18a94dd000 ---p 00000000 00:00 0 
7b18a94dd000-7b18a95d9000 rw-p 00000000 00:00 0 
7b18a95d9000-7b18a95dd000 ---p 00000000 00:00 0 
7b18a95dd000-7b18a96d9000 rw-p 00000000 00:00 0 
7b18a96d9000-7b18a96dd000 ---p 00000000 00:00 0 
7b18a96dd000-7b18a97d9000 rw-p 00000000 00:00 0 
7b18a97d9000-7b18a97dd000 ---p 00000000 00:00 0 
7b18a97dd000-7b18a98d9000 rw-p 00000000 00:00 0 
7b18a99d9000-7b18a99dd000 ---p 00000000 00:00 0 
7b18a99dd000-7b18a9ad9000 rw-p 00000000 00:00 0 
7b18a9ad9000-7b18a9add000 ---p 00000000 00:00 0 
7b18a9add000-7b18a9bd9000 rw-p 00000000 00:00 0 
7b18a9bd9000-7b18a9bdd000 ---p 00000000 00:00 0 
7b18a9bdd000-7b18a9cd9000 rw-p 00000000 00:00 0 
7b18a9cd9000-7b18a9cdd000 ---p 00000000 00:00 0 
7b18a9cdd000-7b18a9dd9000 rw-p 00000000 00:00 0 
7b18a9dd9000-7b18a9ddd000 ---p 00000000 00:00 0 
7b18a9ddd000-7b18a9ed9000 rw-p 00000000 00:00 0 
7b18a9fd9000-7b18a9fdd000 ---p 00000000 00:00 0 
7b18a9fdd000-7b18aa0d9000 rw-p 00000000 00:00 0 
7b18aa1d9000-7b18aa1dd000 ---p 00000000 00:00 0 
7b18aa1dd000-7b18aa2d9000 rw-p 00000000 00:00 0 
7b18aa3d9000-7b18aa3dd000 ---p 00000000 00:00 0 
7b18aa3dd000-7b18aa4d9000 rw-p 00000000 00:00 0 
7b18aa6d9000-7b18aa6dd000 ---p 00000000 00:00 0 
7b18aa6dd000-7b18aa7d9000 rw-p 00000000 00:00 0 
7b18aa7d9000-7b18aa7dd000 ---p 00000000 00:00 0 
7b18aa7dd000-7b18aa8d9000 rw-p 00000000 00:00 0 
7b18aa8d9000-7b18aa8dd000 ---p 00000000 00:00 0 
7b18aa8dd000-7b18aa9d9000 rw-p 00000000 00:00 0 
7b18aa9d9000-7b18aa9dd000 ---p 00000000 00:00 0 
7b18aa9dd000-7b18aaad9000 rw-p 00000000 00:00 0 
7b18aaad9000-7b18aaadd000 ---p 00000000 00:00 0 
7b18aaadd000-7b18aabd9000 rw-p 00000000 00:00 0 
7b18aabd9000-7b18aabdd000 ---p 00000000 00:00 0 
7b18aabdd000-7b18aacd9000 rw-p 00000000 00:00 0 
7b18aacd9000-7b18aacdd000 ---p 00000000 00:00 0 
7b18aacdd000-7b18aadd9000 rw-p 00000000 00:00 0 
7b18aaed9000-7b18aaedd000 ---p 00000000 00:00 0 
7b18aaedd000-7b18aafd9000 rw-p 00000000 00:00 0 
7b18aafd9000-7b18aafdd000 ---p 00000000 00:00 0 
7b18aafdd000-7b18ab0d9000 rw-p 00000000 00:00 0 
7b18ab0d9000-7b18ab0dd000 ---p 00000000 00:00 0 
7b18ab0dd000-7b18ab1d9000 rw-p 00000000 00:00 0 
7b18ab1d9000-7b18ab1dd000 ---p 00000000 00:00 0 
7b18ab1dd000-7b18ab2d9000 rw-p 00000000 00:00 0 
7b18ab2d9000-7b18ab2dd000 ---p 00000000 00:00 0 
7b18ab2dd000-7b18ab3d9000 rw-p 00000000 00:00 0 
7b18ab3d9000-7b18ab3dd000 ---p 00000000 00:00 0 
7b18ab3dd000-7b18ab4d9000 rw-p 00000000 00:00 0 
7b18ab5fa000-7b18ab5fe000 ---p 00000000 00:00 0 
7b18ab5fe000-7b18ab6fa000 rw-p 00000000 00:00 0 
7b18ab6fa000-7b18ab6fe000 ---p 00000000 00:00 0 
7b18ab6fe000-7b18ab7fa000 rw-p 00000000 00:00 0 
7b18ab7fa000-7b18ab7fe000 ---p 00000000 00:00 0 
7b18ab7fe000-7b18abf00000 rw-p 00000000 00:00 0 
7b18abf00000-7b18abf04000 ---p 00000000 00:00 0 
7b18abf04000-7b18ac000000 rw-p 00000000 00:00 0 
7b18ac000000-7b18af4b1000 rw-p 00000000 00:00 0 
7b18af4b1000-7b18b0000000 ---p 00000000 00:00 0 
7b18b0000000-7b18b0a0b000 rw-p 00000000 00:00 0 
7b18b0a0b000-7b18b4000000 ---p 00000000 00:00 0 
7b18b4000000-7b18b5167000 rw-p 00000000 00:00 0 
7b18b5167000-7b18b8000000 ---p 00000000 00:00 0 
7b18b8000000-7b18b839b000 rw-p 00000000 00:00 0 
7b18b839b000-7b18bc000000 ---p 00000000 00:00 0 
7b18bc000000-7b18bc882000 rw-p 00000000 00:00 0 
7b18bc882000-7b18c0000000 ---p 00000000 00:00 0 
7b18c0000000-7b18c0c3f000 rw-p 00000000 00:00 0 
7b18c0c3f000-7b18c4000000 ---p 00000000 00:00 0 
7b18c4000000-7b18c52a4000 rw-p 00000000 00:00 0 
7b18c52a4000-7b18c8000000 ---p 00000000 00:00 0 
7b18c8000000-7b18c88d0000 rw-p 00000000 00:00 0 
7b18c88d0000-7b18cc000000 ---p 00000000 00:00 0 
7b18cc000000-7b18cc632000 rw-p 00000000 00:00 0 
7b18cc632000-7b18d0000000 ---p 00000000 00:00 0 
7b18d0000000-7b18d0c5f000 rw-p 00000000 00:00 0 
7b18d0c5f000-7b18d4000000 ---p 00000000 00:00 0 
7b18d4000000-7b18d4651000 rw-p 00000000 00:00 0 
7b18d4651000-7b18d8000000 ---p 00000000 00:00 0 
7b18d8000000-7b18d8738000 rw-p 00000000 00:00 0 
7b18d8738000-7b18dc000000 ---p 00000000 00:00 0 
7b18dc000000-7b18dd499000 rw-p 00000000 00:00 0 
7b18dd499000-7b18e0000000 ---p 00000000 00:00 0 
7b18e0000000-7b18e084a000 rw-p 00000000 00:00 0 
7b18e084a000-7b18e4000000 ---p 00000000 00:00 0 
7b18e4000000-7b18e4751000 rw-p 00000000 00:00 0 
7b18e4751000-7b18e8000000 ---p 00000000 00:00 0 
7b18e8000000-7b18ea7c0000 rw-p 00000000 00:00 0 
7b18ea7c0000-7b18ec000000 ---p 00000000 00:00 0 
7b18ec000000-7b18ee27a000 rw-p 00000000 00:00 0 
7b18ee27a000-7b18f0000000 ---p 00000000 00:00 0 
7b18f0000000-7b18f12ba000 rw-p 00000000 00:00 0 
7b18f12ba000-7b18f4000000 ---p 00000000 00:00 0 
7b18f4000000-7b18f419d000 rw-p 00000000 00:00 0 
7b18f419d000-7b18f8000000 ---p 00000000 00:00 0 
7b18f8000000-7b18f8504000 rw-p 00000000 00:00 0 
7b18f8504000-7b18fc000000 ---p 00000000 00:00 0 
7b18fc000000-7b18fc411000 rw-p 00000000 00:00 0 
7b18fc411000-7b1900000000 ---p 00000000 00:00 0 
7b1900000000-7b1900706000 rw-p 00000000 00:00 0 
7b1900706000-7b1904000000 ---p 00000000 00:00 0 
7b1904000000-7b19045fa000 rw-p 00000000 00:00 0 
7b19045fa000-7b1908000000 ---p 00000000 00:00 0 
7b1908000000-7b1908710000 rw-p 00000000 00:00 0 
7b1908710000-7b190c000000 ---p 00000000 00:00 0 
7b190c000000-7b190c500000 rw-p 00000000 00:00 0 
7b190c500000-7b190c520000 rw-p 00000000 00:00 0 
7b190c520000-7b190c540000 rw-p 00000000 00:00 0 
7b190c540000-7b190c580000 rw-p 00000000 00:00 0 
7b190c580000-7b190c700000 rw-p 00000000 00:00 0 
7b190c700000-7b190c760000 rw-p 00000000 00:00 0 
7b190c760000-7b190c780000 rw-p 00000000 00:00 0 
7b190c780000-7b190c900000 rw-p 00000000 00:00 0 
7b190c900000-7b190ca00000 rw-p 00000000 00:00 0 
7b190ca00000-7b190cb00000 rw-p 00000000 00:00 0 
7b190cb00000-7b190cc00000 rw-p 00000000 00:00 0 
7b190cc00000-7b190cd00000 rw-p 00000000 00:00 0 
7b190cd00000-7b190cf00000 rw-p 00000000 00:00 0 
7b190cf00000-7b190cf80000 rw-p 00000000 00:00 0 
7b190cf80000-7b190d000000 rw-p 00000000 00:00 0 
7b190d000000-7b190d100000 rw-p 00000000 00:00 0 
7b190d100000-7b190d200000 rw-p 00000000 00:00 0 
7b190d200000-7b190d300000 rw-p 00000000 00:00 0 
7b190d300000-7b190d400000 rw-p 00000000 00:00 0 
7b190d400000-7b190e380000 rw-p 00000000 00:00 0 
7b190e380000-7b190e400000 rw-p 00000000 00:00 0 
7b190e400000-7b190e900000 rw-p 00000000 00:00 0 
7b190e900000-7b190ea00000 rw-p 00000000 00:00 0 
7b190ea00000-7b190f100000 rw-p 00000000 00:00 0 
7b190f100000-7b190f200000 rw-p 00000000 00:00 0 
7b190f200000-7b1910000000 rw-p 00000000 00:00 0 
7b1910000000-7b1910a0c000 rw-p 00000000 00:00 0 
7b1910a0c000-7b1914000000 ---p 00000000 00:00 0 
7b1914000000-7b191479c000 rw-p 00000000 00:00 0 
7b191479c000-7b1918000000 ---p 00000000 00:00 0 
7b1918000000-7b1918406000 rw-p 00000000 00:00 0 
7b1918406000-7b191c000000 ---p 00000000 00:00 0 
7b191c000000-7b191c706000 rw-p 00000000 00:00 0 
7b191c706000-7b1920000000 ---p 00000000 00:00 0 
7b1920000000-7b1923ffa000 rw-p 00000000 00:00 0 
7b1923ffa000-7b1924000000 ---p 00000000 00:00 0 
7b1924000000-7b19244a7000 rw-p 00000000 00:00 0 
7b19244a7000-7b1928000000 ---p 00000000 00:00 0 
7b1928000000-7b192824c000 rw-p 00000000 00:00 0 
7b192824c000-7b192c000000 ---p 00000000 00:00 0 
7b192c0fc000-7b192c100000 ---p 00000000 00:00 0 
7b192c100000-7b192c1fc000 rw-p 00000000 00:00 0 
7b192c1fc000-7b192c200000 ---p 00000000 00:00 0 
7b192c200000-7b192c2fc000 rw-p 00000000 00:00 0 
7b192c2fc000-7b192c300000 ---p 00000000 00:00 0 
7b192c300000-7b192c3fc000 rw-p 00000000 00:00 0 
7b192c4fc000-7b192c500000 ---p 00000000 00:00 0 
7b192c500000-7b192c5fc000 rw-p 00000000 00:00 0 
7b192c5fc000-7b192c600000 ---p 00000000 00:00 0 
7b192c600000-7b192c6fc000 rw-p 00000000 00:00 0 
7b192c6fc000-7b192c700000 ---p 00000000 00:00 0 
7b192c700000-7b192c7fc000 rw-p 00000000 00:00 0 
7b192c7fc000-7b192c800000 ---p 00000000 00:00 0 
7b192c800000-7b192c8fc000 rw-p 00000000 00:00 0 
7b192c8fc000-7b192c900000 ---p 00000000 00:00 0 
7b192c900000-7b192ce00000 rw-p 00000000 00:00 0 
7b192ce00000-7b192ce05000 r-xp 00000000 08:15 4611475                    /home/unmec/.gradle/native/660c5614fbf4a5f2a75b1949f50a0caf5cd603558e7d8a26e50b933a0cfb79d1/linux-amd64/libnative-platform.so
7b192ce05000-7b192d005000 ---p 00005000 08:15 4611475                    /home/unmec/.gradle/native/660c5614fbf4a5f2a75b1949f50a0caf5cd603558e7d8a26e50b933a0cfb79d1/linux-amd64/libnative-platform.so
7b192d005000-7b192d006000 r--p 00005000 08:15 4611475                    /home/unmec/.gradle/native/660c5614fbf4a5f2a75b1949f50a0caf5cd603558e7d8a26e50b933a0cfb79d1/linux-amd64/libnative-platform.so
7b192d006000-7b192d007000 rw-p 00006000 08:15 4611475                    /home/unmec/.gradle/native/660c5614fbf4a5f2a75b1949f50a0caf5cd603558e7d8a26e50b933a0cfb79d1/linux-amd64/libnative-platform.so
7b192d06f000-7b192d170000 rw-p 00000000 00:00 0 
7b192d170000-7b192d1ac000 r--p 00000000 08:15 4611493                    /home/unmec/.gradle/native/0.2.8/x86_64-linux-gnu/libgradle-fileevents.so
7b192d1ac000-7b192d1f4000 r-xp 0003b000 08:15 4611493                    /home/unmec/.gradle/native/0.2.8/x86_64-linux-gnu/libgradle-fileevents.so
7b192d1f4000-7b192d1fd000 r--p 00082000 08:15 4611493                    /home/unmec/.gradle/native/0.2.8/x86_64-linux-gnu/libgradle-fileevents.so
7b192d1fd000-7b192d1fe000 rw-p 0008a000 08:15 4611493                    /home/unmec/.gradle/native/0.2.8/x86_64-linux-gnu/libgradle-fileevents.so
7b192d1fe000-7b192d200000 rw-p 00000000 00:00 0 
7b192d200000-7b192d204000 ---p 00000000 00:00 0 
7b192d204000-7b192d300000 rw-p 00000000 00:00 0 
7b192d300000-7b192d304000 ---p 00000000 00:00 0 
7b192d304000-7b192d400000 rw-p 00000000 00:00 0 
7b192d400000-7b192d404000 ---p 00000000 00:00 0 
7b192d404000-7b192d500000 rw-p 00000000 00:00 0 
7b192d500000-7b192d504000 ---p 00000000 00:00 0 
7b192d504000-7b192d600000 rw-p 00000000 00:00 0 
7b192d600000-7b192d604000 ---p 00000000 00:00 0 
7b192d604000-7b192d700000 rw-p 00000000 00:00 0 
7b192d700000-7b192d704000 ---p 00000000 00:00 0 
7b192d704000-7b192d800000 rw-p 00000000 00:00 0 
7b192d800000-7b192d804000 ---p 00000000 00:00 0 
7b192d804000-7b192d900000 rw-p 00000000 00:00 0 
7b192d900000-7b192d904000 ---p 00000000 00:00 0 
7b192d904000-7b192da00000 rw-p 00000000 00:00 0 
7b192da00000-7b192dc78000 r--p 00000000 08:15 12075297                   /usr/share/runtime/locale/fr/lib/fr_FR.utf8/LC_COLLATE
7b192dc9a000-7b192dc9e000 ---p 00000000 00:00 0 
7b192dc9e000-7b192dcbc000 rw-p 00000000 00:00 0 
7b192dcbc000-7b192dcc0000 ---p 00000000 00:00 0 
7b192dcc0000-7b192dcde000 rw-p 00000000 00:00 0 
7b192dcde000-7b192dce2000 ---p 00000000 00:00 0 
7b192dce2000-7b192dd00000 rw-p 00000000 00:00 0 
7b192dd00000-7b192dd04000 ---p 00000000 00:00 0 
7b192dd04000-7b192de00000 rw-p 00000000 00:00 0 
7b192de00000-7b1930a38000 rw-p 00000000 00:00 0 
7b1930a38000-7b1931c48000 ---p 00000000 00:00 0 
7b1931c48000-7b1931e00000 rw-p 00000000 00:00 0 
7b1931e00000-7b1934160000 rwxp 00000000 00:00 0 
7b1934160000-7b1939337000 ---p 00000000 00:00 0 
7b1939337000-7b19395a7000 rwxp 00000000 00:00 0 
7b19395a7000-7b19398c9000 ---p 00000000 00:00 0 
7b19398c9000-7b193aa39000 rwxp 00000000 00:00 0 
7b193aa39000-7b1940e00000 ---p 00000000 00:00 0 
7b1940e00000-7b1943f80000 r--s 00000000 08:15 12330302                   /app/extra/jbr/lib/modules
7b1943f9a000-7b1943f9e000 ---p 00000000 00:00 0 
7b1943f9e000-7b1943fbc000 rw-p 00000000 00:00 0 
7b1943fbc000-7b1943fc0000 ---p 00000000 00:00 0 
7b1943fc0000-7b1943fde000 rw-p 00000000 00:00 0 
7b1943fde000-7b1943fe2000 ---p 00000000 00:00 0 
7b1943fe2000-7b1944000000 rw-p 00000000 00:00 0 
7b1944000000-7b1946026000 rw-p 00000000 00:00 0 
7b1946026000-7b1948000000 ---p 00000000 00:00 0 
7b1948001000-7b1948005000 ---p 00000000 00:00 0 
7b1948005000-7b1948023000 rw-p 00000000 00:00 0 
7b1948023000-7b1948027000 ---p 00000000 00:00 0 
7b1948027000-7b1948045000 rw-p 00000000 00:00 0 
7b1948045000-7b1948049000 ---p 00000000 00:00 0 
7b1948049000-7b1948067000 rw-p 00000000 00:00 0 
7b1948067000-7b194806b000 ---p 00000000 00:00 0 
7b194806b000-7b1948089000 rw-p 00000000 00:00 0 
7b1948089000-7b194808b000 r--p 00000000 08:15 12330298                   /app/extra/jbr/lib/libextnet.so
7b194808b000-7b194808c000 r-xp 00001000 08:15 12330298                   /app/extra/jbr/lib/libextnet.so
7b194808c000-7b194808d000 r--p 00001000 08:15 12330298                   /app/extra/jbr/lib/libextnet.so
7b194808d000-7b194808e000 rw-p 00001000 08:15 12330298                   /app/extra/jbr/lib/libextnet.so
7b194808e000-7b1948094000 r--p 00000000 08:15 12330291                   /app/extra/jbr/lib/libverify.so
7b1948094000-7b194809c000 r-xp 00005000 08:15 12330291                   /app/extra/jbr/lib/libverify.so
7b194809c000-7b194809e000 r--p 0000c000 08:15 12330291                   /app/extra/jbr/lib/libverify.so
7b194809e000-7b194809f000 rw-p 0000d000 08:15 12330291                   /app/extra/jbr/lib/libverify.so
7b194809f000-7b19480a3000 ---p 00000000 00:00 0 
7b19480a3000-7b194819f000 rw-p 00000000 00:00 0 
7b194819f000-7b19481a3000 ---p 00000000 00:00 0 
7b19481a3000-7b194829f000 rw-p 00000000 00:00 0 
7b194829f000-7b19482f9000 r--p 00000000 08:15 12075202                   /usr/share/runtime/locale/fr/lib/fr_FR.utf8/LC_CTYPE
7b19482f9000-7b19484fb000 rw-p 00000000 00:00 0 
7b19484fb000-7b19486f1000 rw-p 00000000 00:00 0 
7b19486f1000-7b19488f3000 rw-p 00000000 00:00 0 
7b19488f3000-7b19492fd000 rw-p 00000000 00:00 0 
7b19492fd000-7b1949600000 rw-p 00000000 00:00 0 
7b1949600000-7b1949787000 rw-p 00000000 00:00 0 
7b1949787000-7b19499c9000 ---p 00000000 00:00 0 
7b19499c9000-7b1949b87000 rw-p 00000000 00:00 0 
7b1949b87000-7b1949dc9000 ---p 00000000 00:00 0 
7b1949dc9000-7b1949e00000 rw-p 00000000 00:00 0 
7b1949e01000-7b1949e04000 r--p 00000000 08:15 12330300                   /app/extra/jbr/lib/libmanagement_ext.so
7b1949e04000-7b1949e07000 r-xp 00002000 08:15 12330300                   /app/extra/jbr/lib/libmanagement_ext.so
7b1949e07000-7b1949e08000 r--p 00004000 08:15 12330300                   /app/extra/jbr/lib/libmanagement_ext.so
7b1949e08000-7b1949e09000 rw-p 00004000 08:15 12330300                   /app/extra/jbr/lib/libmanagement_ext.so
7b1949e09000-7b1949e0c000 r--p 00000000 08:15 12330287                   /app/extra/jbr/lib/libmanagement.so
7b1949e0c000-7b1949e0e000 r-xp 00002000 08:15 12330287                   /app/extra/jbr/lib/libmanagement.so
7b1949e0e000-7b1949e0f000 r--p 00003000 08:15 12330287                   /app/extra/jbr/lib/libmanagement.so
7b1949e0f000-7b1949e10000 rw-p 00003000 08:15 12330287                   /app/extra/jbr/lib/libmanagement.so
7b1949e10000-7b1949e35000 r--p 00000000 08:15 12075392                   /usr/share/runtime/locale/fr/share/fr/LC_MESSAGES/libc.mo
7b1949e35000-7b1949e39000 r--p 00000000 08:15 12330387                   /app/extra/jbr/lib/libnet.so
7b1949e39000-7b1949e41000 r-xp 00003000 08:15 12330387                   /app/extra/jbr/lib/libnet.so
7b1949e41000-7b1949e42000 r--p 0000a000 08:15 12330387                   /app/extra/jbr/lib/libnet.so
7b1949e42000-7b1949e43000 rw-p 0000a000 08:15 12330387                   /app/extra/jbr/lib/libnet.so
7b1949e43000-7b1949e4e000 r--p 00000000 08:15 12330394                   /app/extra/jbr/lib/libnio.so
7b1949e4e000-7b1949e57000 r-xp 0000a000 08:15 12330394                   /app/extra/jbr/lib/libnio.so
7b1949e57000-7b1949e58000 r--p 00012000 08:15 12330394                   /app/extra/jbr/lib/libnio.so
7b1949e58000-7b1949e59000 rw-p 00012000 08:15 12330394                   /app/extra/jbr/lib/libnio.so
7b1949e59000-7b1949e5a000 r--p 00000000 08:15 12075215                   /usr/share/runtime/locale/fr/lib/fr_FR.utf8/LC_NUMERIC
7b1949e79000-7b1949e7d000 ---p 00000000 00:00 0 
7b1949e7d000-7b1949e9b000 rw-p 00000000 00:00 0 
7b1949e9b000-7b194a94d000 rw-p 00000000 00:00 0 
7b194a94d000-7b194aa15000 ---p 00000000 00:00 0 
7b194aa15000-7b194aa5c000 rw-p 00000000 00:00 0 
7b194aa5c000-7b194ab00000 ---p 00000000 00:00 0 
7b194ab00000-7b194ab04000 ---p 00000000 00:00 0 
7b194ab04000-7b194ac00000 rw-p 00000000 00:00 0 
7b194ac00000-7b194b15c000 r--p 00000000 08:15 12330393                   /app/extra/jbr/lib/server/libjvm.so
7b194b15c000-7b194bce4000 r-xp 0055b000 08:15 12330393                   /app/extra/jbr/lib/server/libjvm.so
7b194bce4000-7b194bdb1000 r--p 010e2000 08:15 12330393                   /app/extra/jbr/lib/server/libjvm.so
7b194bdb1000-7b194bdd4000 rw-p 011ae000 08:15 12330393                   /app/extra/jbr/lib/server/libjvm.so
7b194bdd4000-7b194be4c000 rw-p 00000000 00:00 0 
7b194be4c000-7b194be4d000 r--p 00000000 08:15 12075253                   /usr/share/runtime/locale/fr/lib/fr_FR.utf8/LC_TIME
7b194be4d000-7b194be4e000 r--p 00000000 08:15 12075298                   /usr/share/runtime/locale/fr/lib/fr_FR.utf8/LC_MONETARY
7b194be4e000-7b194be4f000 r--p 00000000 08:15 12075391                   /usr/share/runtime/locale/fr/lib/fr_FR.utf8/LC_MESSAGES/SYS_LC_MESSAGES
7b194be4f000-7b194be50000 r--p 00000000 08:15 12075233                   /usr/share/runtime/locale/fr/lib/fr_FR.utf8/LC_PAPER
7b194be50000-7b194be51000 r--p 00000000 08:15 12075205                   /usr/share/runtime/locale/fr/lib/fr_FR.utf8/LC_NAME
7b194be51000-7b194be58000 r--s 00000000 08:15 12079611                   /usr/lib/x86_64-linux-gnu/gconv/gconv-modules.cache
7b194be58000-7b194be61000 r--p 00000000 08:15 12330399                   /app/extra/jbr/lib/libzip.so
7b194be61000-7b194be76000 r-xp 00008000 08:15 12330399                   /app/extra/jbr/lib/libzip.so
7b194be76000-7b194be77000 r--p 0001c000 08:15 12330399                   /app/extra/jbr/lib/libzip.so
7b194be77000-7b194be78000 rw-p 0001c000 08:15 12330399                   /app/extra/jbr/lib/libzip.so
7b194be78000-7b194be7d000 rw-p 00000000 00:00 0 
7b194be7d000-7b194be84000 ---p 00000000 00:00 0 
7b194be84000-7b194be8c000 rw-s 00000000 00:43 54242                      /tmp/hsperfdata_unmec/305974
7b194be8c000-7b194be9e000 r--p 00000000 08:15 12330315                   /app/extra/jbr/lib/libjava.so
7b194be9e000-7b194bead000 r-xp 00011000 08:15 12330315                   /app/extra/jbr/lib/libjava.so
7b194bead000-7b194beae000 r--p 0001f000 08:15 12330315                   /app/extra/jbr/lib/libjava.so
7b194beae000-7b194beb0000 rw-p 0001f000 08:15 12330315                   /app/extra/jbr/lib/libjava.so
7b194beb0000-7b194bebb000 r--p 00000000 08:15 12330397                   /app/extra/jbr/lib/libjimage.so
7b194bebb000-7b194becf000 r-xp 0000a000 08:15 12330397                   /app/extra/jbr/lib/libjimage.so
7b194becf000-7b194bed1000 r--p 0001d000 08:15 12330397                   /app/extra/jbr/lib/libjimage.so
7b194bed1000-7b194bed2000 rw-p 0001e000 08:15 12330397                   /app/extra/jbr/lib/libjimage.so
7b194bed2000-7b194bed3000 rw-p 00000000 00:00 0 
7b194bed3000-7b194bed4000 r--p 00000000 08:15 12069126                   /usr/lib/x86_64-linux-gnu/librt.so.1
7b194bed4000-7b194bed5000 r-xp 00001000 08:15 12069126                   /usr/lib/x86_64-linux-gnu/librt.so.1
7b194bed5000-7b194bed6000 r--p 00002000 08:15 12069126                   /usr/lib/x86_64-linux-gnu/librt.so.1
7b194bed6000-7b194bed7000 r--p 00002000 08:15 12069126                   /usr/lib/x86_64-linux-gnu/librt.so.1
7b194bed7000-7b194bed8000 rw-p 00003000 08:15 12069126                   /usr/lib/x86_64-linux-gnu/librt.so.1
7b194bed8000-7b194beea000 r--p 00000000 08:15 12097805                   /usr/lib/x86_64-linux-gnu/libm.so.6
7b194beea000-7b194bf73000 r-xp 00012000 08:15 12097805                   /usr/lib/x86_64-linux-gnu/libm.so.6
7b194bf73000-7b194bfd5000 r--p 0009b000 08:15 12097805                   /usr/lib/x86_64-linux-gnu/libm.so.6
7b194bfd5000-7b194bfd6000 r--p 000fc000 08:15 12097805                   /usr/lib/x86_64-linux-gnu/libm.so.6
7b194bfd6000-7b194bfd7000 rw-p 000fd000 08:15 12097805                   /usr/lib/x86_64-linux-gnu/libm.so.6
7b194bfd7000-7b194bfd9000 rw-p 00000000 00:00 0 
7b194bfd9000-7b194c001000 r--p 00000000 08:15 12069143                   /usr/lib/x86_64-linux-gnu/libc.so.6
7b194c001000-7b194c176000 r-xp 00028000 08:15 12069143                   /usr/lib/x86_64-linux-gnu/libc.so.6
7b194c176000-7b194c1c5000 r--p 0019d000 08:15 12069143                   /usr/lib/x86_64-linux-gnu/libc.so.6
7b194c1c5000-7b194c1c9000 r--p 001eb000 08:15 12069143                   /usr/lib/x86_64-linux-gnu/libc.so.6
7b194c1c9000-7b194c1cb000 rw-p 001ef000 08:15 12069143                   /usr/lib/x86_64-linux-gnu/libc.so.6
7b194c1cb000-7b194c1d8000 rw-p 00000000 00:00 0 
7b194c1d8000-7b194c1d9000 r--p 00000000 08:15 12069001                   /usr/lib/x86_64-linux-gnu/libdl.so.2
7b194c1d9000-7b194c1da000 r-xp 00001000 08:15 12069001                   /usr/lib/x86_64-linux-gnu/libdl.so.2
7b194c1da000-7b194c1db000 r--p 00002000 08:15 12069001                   /usr/lib/x86_64-linux-gnu/libdl.so.2
7b194c1db000-7b194c1dc000 r--p 00002000 08:15 12069001                   /usr/lib/x86_64-linux-gnu/libdl.so.2
7b194c1dc000-7b194c1dd000 rw-p 00003000 08:15 12069001                   /usr/lib/x86_64-linux-gnu/libdl.so.2
7b194c1dd000-7b194c1de000 r--p 00000000 08:15 12068750                   /usr/lib/x86_64-linux-gnu/libpthread.so.0
7b194c1de000-7b194c1df000 r-xp 00001000 08:15 12068750                   /usr/lib/x86_64-linux-gnu/libpthread.so.0
7b194c1df000-7b194c1e0000 r--p 00002000 08:15 12068750                   /usr/lib/x86_64-linux-gnu/libpthread.so.0
7b194c1e0000-7b194c1e1000 r--p 00002000 08:15 12068750                   /usr/lib/x86_64-linux-gnu/libpthread.so.0
7b194c1e1000-7b194c1e2000 rw-p 00003000 08:15 12068750                   /usr/lib/x86_64-linux-gnu/libpthread.so.0
7b194c1e2000-7b194c1e3000 r--p 00000000 08:15 12075197                   /usr/share/runtime/locale/fr/lib/fr_FR.utf8/LC_ADDRESS
7b194c1e3000-7b194c1e4000 r--p 00000000 08:15 12075264                   /usr/share/runtime/locale/fr/lib/fr_FR.utf8/LC_TELEPHONE
7b194c1e4000-7b194c1e5000 r--p 00000000 08:15 12075320                   /usr/share/runtime/locale/fr/lib/fr_FR.utf8/LC_MEASUREMENT
7b194c1e5000-7b194c1e6000 r--p 00000000 08:15 12075227                   /usr/share/runtime/locale/fr/lib/fr_FR.utf8/LC_IDENTIFICATION
7b194c1e6000-7b194c1ea000 r--p 00000000 08:15 12330290                   /app/extra/jbr/lib/libinstrument.so
7b194c1ea000-7b194c1f1000 r-xp 00003000 08:15 12330290                   /app/extra/jbr/lib/libinstrument.so
7b194c1f1000-7b194c1f2000 r--p 00009000 08:15 12330290                   /app/extra/jbr/lib/libinstrument.so
7b194c1f2000-7b194c1f3000 rw-p 00009000 08:15 12330290                   /app/extra/jbr/lib/libinstrument.so
7b194c1f3000-7b194c1f4000 ---p 00000000 00:00 0 
7b194c1f4000-7b194c1f5000 r--p 00000000 00:00 0 
7b194c1f5000-7b194c1f6000 ---p 00000000 00:00 0 
7b194c1f6000-7b194c1ff000 r--p 00000000 08:15 12330308                   /app/extra/jbr/lib/libjli.so
7b194c1ff000-7b194c20e000 r-xp 00008000 08:15 12330308                   /app/extra/jbr/lib/libjli.so
7b194c20e000-7b194c20f000 r--p 00016000 08:15 12330308                   /app/extra/jbr/lib/libjli.so
7b194c20f000-7b194c210000 rw-p 00016000 08:15 12330308                   /app/extra/jbr/lib/libjli.so
7b194c210000-7b194c212000 rw-p 00000000 00:00 0 
7b194c212000-7b194c216000 r--p 00000000 00:00 0                          [vvar]
7b194c216000-7b194c218000 r--p 00000000 00:00 0                          [vvar_vclock]
7b194c218000-7b194c21a000 r-xp 00000000 00:00 0                          [vdso]
7b194c21a000-7b194c21b000 r--p 00000000 08:15 12069137                   /usr/lib/x86_64-linux-gnu/ld-linux-x86-64.so.2
7b194c21b000-7b194c245000 r-xp 00001000 08:15 12069137                   /usr/lib/x86_64-linux-gnu/ld-linux-x86-64.so.2
7b194c245000-7b194c250000 r--p 0002b000 08:15 12069137                   /usr/lib/x86_64-linux-gnu/ld-linux-x86-64.so.2
7b194c250000-7b194c252000 r--p 00036000 08:15 12069137                   /usr/lib/x86_64-linux-gnu/ld-linux-x86-64.so.2
7b194c252000-7b194c253000 rw-p 00038000 08:15 12069137                   /usr/lib/x86_64-linux-gnu/ld-linux-x86-64.so.2
7b194c253000-7b194c254000 rw-p 00000000 00:00 0 
7ffdefcf1000-7ffdefd12000 rw-p 00000000 00:00 0                          [stack]
ffffffffff600000-ffffffffff601000 --xp 00000000 00:00 0                  [vsyscall]
Total number of mappings: 590

JVMTI agents:
/home/unmec/.gradle/wrapper/dists/gradle-9.4.1-bin/arn2x92ynaizyzdaamcbpbhtj/gradle-9.4.1/lib/agents/gradle-instrumentation-agent-9.4.1.jar path:none, loaded, initialized, instrumentlib options:none


VM Arguments:
jvm_args: --add-opens=java.base/java.lang=ALL-UNNAMED --add-opens=java.base/java.lang.invoke=ALL-UNNAMED --add-opens=java.base/java.util=ALL-UNNAMED --add-opens=java.prefs/java.util.prefs=ALL-UNNAMED --add-exports=jdk.compiler/com.sun.tools.javac.api=ALL-UNNAMED --add-exports=jdk.compiler/com.sun.tools.javac.util=ALL-UNNAMED --add-opens=java.base/java.util=ALL-UNNAMED --add-opens=java.prefs/java.util.prefs=ALL-UNNAMED --add-opens=java.base/java.nio.charset=ALL-UNNAMED --add-opens=java.base/java.net=ALL-UNNAMED --add-opens=java.base/java.util.concurrent=ALL-UNNAMED --add-opens=java.base/java.util.concurrent.atomic=ALL-UNNAMED --add-opens=java.xml/javax.xml.namespace=ALL-UNNAMED --add-opens=java.base/java.time=ALL-UNNAMED -Xmx2048m -Dfile.encoding=UTF-8 -Duser.country=FR -Duser.language=fr -Duser.variant -javaagent:/home/unmec/.gradle/wrapper/dists/gradle-9.4.1-bin/arn2x92ynaizyzdaamcbpbhtj/gradle-9.4.1/lib/agents/gradle-instrumentation-agent-9.4.1.jar -Dawt.toolkit.name=XToolkit 
java_command: org.gradle.launcher.daemon.bootstrap.GradleDaemon 9.4.1
java_class_path (initial): /home/unmec/.gradle/wrapper/dists/gradle-9.4.1-bin/arn2x92ynaizyzdaamcbpbhtj/gradle-9.4.1/lib/gradle-daemon-main-9.4.1.jar
Launcher Type: SUN_STANDARD

[Global flags]
     intx CICompilerCount                          = 4                                         {product} {ergonomic}
     uint ConcGCThreads                            = 3                                         {product} {ergonomic}
     uint G1ConcRefinementThreads                  = 10                                        {product} {ergonomic}
   size_t G1HeapRegionSize                         = 1048576                                   {product} {ergonomic}
    uintx GCDrainStackTargetSize                   = 64                                        {product} {ergonomic}
   size_t InitialHeapSize                          = 262144000                                 {product} {ergonomic}
   size_t MarkStackSize                            = 4194304                                   {product} {ergonomic}
   size_t MaxHeapSize                              = 2147483648                                {product} {command line}
   size_t MaxNewSize                               = 1287651328                                {product} {ergonomic}
   size_t MinHeapDeltaBytes                        = 1048576                                   {product} {ergonomic}
   size_t MinHeapSize                              = 8388608                                   {product} {ergonomic}
    uintx NonNMethodCodeHeapSize                   = 5839372                                {pd product} {ergonomic}
    uintx NonProfiledCodeHeapSize                  = 122909434                              {pd product} {ergonomic}
    uintx ProfiledCodeHeapSize                     = 122909434                              {pd product} {ergonomic}
    uintx ReservedCodeCacheSize                    = 251658240                              {pd product} {ergonomic}
     bool SegmentedCodeCache                       = true                                      {product} {ergonomic}
   size_t SoftMaxHeapSize                          = 2147483648                             {manageable} {ergonomic}
     bool UseCompressedOops                        = true                           {product lp64_product} {ergonomic}
     bool UseG1GC                                  = true                                      {product} {ergonomic}

Logging:
Log output configuration:
 #0: stdout all=warning uptime,level,tags foldmultilines=false
 #1: stderr all=off uptime,level,tags foldmultilines=false

Release file:
JAVA_VERSION="21.0.10"
MODULES="java.base java.compiler java.datatransfer java.xml java.prefs java.desktop java.instrument java.logging java.management java.security.sasl java.naming java.rmi java.management.rmi java.net.http java.scripting java.security.jgss java.transaction.xa java.sql java.sql.rowset java.xml.crypto java.se java.smartcardio jdk.accessibility jdk.internal.jvmstat jdk.attach jdk.charsets jdk.internal.opt jdk.zipfs jdk.compiler jdk.crypto.ec jdk.crypto.cryptoki jdk.dynalink jdk.hotspot.agent jdk.httpserver jdk.internal.ed jdk.internal.le jdk.internal.vm.ci jdk.jartool jdk.javadoc jdk.jcmd jdk.jdeps jdk.jdwp.agent jdk.jdi jdk.jfr jdk.jlink jdk.jsobject jdk.localedata jdk.management jdk.management.agent jdk.management.jfr jdk.naming.dns jdk.naming.rmi jdk.net jdk.sctp jdk.security.auth jdk.security.jgss jdk.unsupported jdk.unsupported.desktop jdk.xml.dom"
IMPLEMENTOR="JetBrains s.r.o."
JAVA_RUNTIME_VERSION="21.0.10+-14961533-b1163.108"
LIBC="gnu"
OS_ARCH="x86_64"
OS_NAME="Linux"
SOURCE=".:git:1351622c2ff2"

Environment Variables:
JAVA_HOME=/app/extra/jbr
PATH=/app/bin:/usr/bin
USERNAME=unmec
XDG_CACHE_HOME=/home/unmec/.var/app/com.google.AndroidStudio/cache
XDG_CONFIG_HOME=/home/unmec/.var/app/com.google.AndroidStudio/config
LD_LIBRARY_PATH=
SHELL=/bin/sh
DISPLAY=:1
LANG=fr_FR.UTF-8

Active Locale:
LC_ALL=fr_FR.UTF-8
LC_COLLATE=fr_FR.UTF-8
LC_CTYPE=fr_FR.UTF-8
LC_MESSAGES=fr_FR.UTF-8
LC_MONETARY=fr_FR.UTF-8
LC_NUMERIC=fr_FR.UTF-8
LC_TIME=fr_FR.UTF-8

Signal Handlers:
   SIGSEGV: crash_handler in libjvm.so, mask=11100100010111111101111111111110, flags=SA_RESTART|SA_SIGINFO, unblocked
    SIGBUS: crash_handler in libjvm.so, mask=11100100010111111101111111111110, flags=SA_RESTART|SA_SIGINFO, unblocked
    SIGFPE: crash_handler in libjvm.so, mask=11100100010111111101111111111110, flags=SA_RESTART|SA_SIGINFO, unblocked
   SIGPIPE: javaSignalHandler in libjvm.so, mask=11100100010111111101111111111110, flags=SA_RESTART|SA_SIGINFO, blocked
   SIGXFSZ: javaSignalHandler in libjvm.so, mask=11100100010111111101111111111110, flags=SA_RESTART|SA_SIGINFO, blocked
    SIGILL: crash_handler in libjvm.so, mask=11100100010111111101111111111110, flags=SA_RESTART|SA_SIGINFO, unblocked
   SIGUSR2: SR_handler in libjvm.so, mask=00000000000000000000000000000000, flags=SA_RESTART|SA_SIGINFO, blocked
    SIGHUP: UserHandler in libjvm.so, mask=11100100010111111101111111111110, flags=SA_RESTART|SA_SIGINFO, blocked
    SIGINT: UserHandler in libjvm.so, mask=11100100010111111101111111111110, flags=SA_RESTART|SA_SIGINFO, blocked
   SIGTERM: UserHandler in libjvm.so, mask=11100100010111111101111111111110, flags=SA_RESTART|SA_SIGINFO, blocked
   SIGQUIT: UserHandler in libjvm.so, mask=11100100010111111101111111111110, flags=SA_RESTART|SA_SIGINFO, blocked
   SIGTRAP: crash_handler in libjvm.so, mask=11100100010111111101111111111110, flags=SA_RESTART|SA_SIGINFO, unblocked


Periodic native trim disabled

JNI global refs:
JNI global refs: 35, weak refs: 11

JNI global refs memory usage: 859, weak refs: 857

Process memory usage:
Resident Set Size: 2496664K (15% of 16296812K total physical memory with 5931624K free physical memory)

OOME stack traces (most recent first):
Classloader memory used:
Loader org.gradle.internal.classloader.VisitableURLClassLoader$InstrumentingVisitableURLClassLoader: 73208K
Loader org.gradle.internal.classloader.VisitableURLClassLoader                         : 48006K
Loader bootstrap                                                                       : 34034K
Loader org.gradle.initialization.MixInLegacyTypesClassLoader                           : 14495K
Loader jdk.internal.loader.ClassLoaders$AppClassLoader                                 : 8947K
Loader jdk.internal.loader.ClassLoaders$PlatformClassLoader                            : 703K
Loader jdk.internal.reflect.DelegatingClassLoader                                      : 562K
Loader org.gradle.internal.classloader.VisitableURLClassLoader                         : 280K
Loader org.gradle.groovy.scripts.internal.DefaultScriptCompilationHandler$ScriptClassLoader: 127K
Loader sun.reflect.misc.MethodUtil                                                     : 2984B

Classes loaded by more than one classloader:
Class Program                                                                         : loaded 5 times (x 72B)
Class Build_gradle                                                                    : loaded 3 times (x 126B)
Class com.google.common.io.LineReader                                                 : loaded 2 times (x 72B)
Class com.google.common.base.Equivalence$Identity                                     : loaded 2 times (x 82B)
Class com.google.common.base.PairwiseEquivalence                                      : loaded 2 times (x 83B)
Class com.google.common.collect.RegularImmutableMap$KeySet                            : loaded 2 times (x 152B)
Class org.gradle.internal.classloader.FilteringClassLoader                            : loaded 2 times (x 105B)
Class com.google.common.cache.LocalCache$ValueIterator                                : loaded 2 times (x 86B)
Class [Lcom.google.common.collect.MapMakerInternalMap$Segment;                        : loaded 2 times (x 69B)
Class com.google.common.io.FileWriteMode                                              : loaded 2 times (x 79B)
Class com.google.common.collect.SortedSetMultimap                                     : loaded 2 times (x 70B)
Class [Lcom.google.common.base.AbstractIterator$State;                                : loaded 2 times (x 69B)
Class com.google.common.base.CharMatcher$IsEither                                     : loaded 2 times (x 111B)
Class org.gradle.internal.classloader.ClassLoaderHierarchy                            : loaded 2 times (x 70B)
Class [Lcom.google.common.cache.RemovalCause;                                         : loaded 2 times (x 69B)
Class com.google.common.collect.AbstractMapBasedMultimap$WrappedCollection            : loaded 2 times (x 124B)
Class com.google.common.collect.ImmutableEnumSet                                      : loaded 2 times (x 146B)
Class com.google.common.util.concurrent.ExecutionError                                : loaded 2 times (x 82B)
Class com.google.common.collect.ImmutableList$1                                       : loaded 2 times (x 97B)
Class com.google.common.io.ByteArrayDataOutput                                        : loaded 2 times (x 70B)
Class com.google.common.collect.ImmutableListMultimap$Builder                         : loaded 2 times (x 86B)
Class com.google.common.primitives.Longs$AsciiDigits                                  : loaded 2 times (x 71B)
Class com.google.common.collect.RegularImmutableMap                                   : loaded 2 times (x 121B)
Class com.google.common.collect.ImmutableMap$MapViewOfValuesAsSingletonSets           : loaded 2 times (x 126B)
Class org.apache.commons.io.function.IOFunction                                       : loaded 2 times (x 70B)
Class com.google.common.cache.LocalCache$Values                                       : loaded 2 times (x 118B)
Class com.google.common.collect.TransformedListIterator                               : loaded 2 times (x 93B)
Class com.google.common.reflect.TypeCapture                                           : loaded 2 times (x 71B)
Class [Lorg.objectweb.asm.Symbol;                                                     : loaded 2 times (x 69B)
Class org.objectweb.asm.ClassVisitor                                                  : loaded 2 times (x 88B)
Class com.google.common.collect.UnmodifiableListIterator                              : loaded 2 times (x 95B)
Class com.google.common.collect.MapMakerInternalMap$StrongKeyDummyValueEntry$LinkedStrongKeyDummyValueEntry: loaded 2 times (x 82B)
Class com.google.common.collect.MapMakerInternalMap$Strength                          : loaded 2 times (x 80B)
Class com.google.common.base.Platform$JdkPatternCompiler                              : loaded 2 times (x 75B)
Class org.objectweb.asm.MethodTooLargeException                                       : loaded 2 times (x 83B)
Class [Lcom.google.common.cache.CacheBuilder$OneWeigher;                              : loaded 2 times (x 69B)
Class com.google.common.base.Suppliers                                                : loaded 2 times (x 71B)
Class org.gradle.internal.classloader.DefaultClassLoaderFactory                       : loaded 2 times (x 82B)
Class org.apache.commons.io.file.PathUtils                                            : loaded 2 times (x 71B)
Class [Lcom.google.common.collect.AbstractIterator$State;                             : loaded 2 times (x 69B)
Class com.google.common.io.ByteSource$ConcatenatedByteSource                          : loaded 2 times (x 85B)
Class com.google.common.base.CharMatcher$None                                         : loaded 2 times (x 112B)
Class com.google.common.collect.ReverseNaturalOrdering                                : loaded 2 times (x 114B)
Class com.google.common.collect.Maps$FilteredEntryMap                                 : loaded 2 times (x 128B)
Class com.google.common.collect.Ordering                                              : loaded 2 times (x 114B)
Class [Lcom.google.common.collect.ImmutableMapEntry;                                  : loaded 2 times (x 69B)
Class com.google.common.collect.CollectSpliterators$1WithCharacteristics              : loaded 2 times (x 90B)
Class com.google.common.collect.ImmutableRangeSet                                     : loaded 2 times (x 115B)
Class [Lorg.apache.commons.io.StandardLineSeparator;                                  : loaded 2 times (x 69B)
Class org.apache.commons.io.output.StringBuilderWriter                                : loaded 2 times (x 100B)
Class com.google.common.collect.ListMultimap                                          : loaded 2 times (x 70B)
Class com.google.common.collect.ImmutableEnumMap                                      : loaded 2 times (x 126B)
Class ijJvmDebugger1_1nxz8iacv3bg692g0l3pkvalm$_run_closure1                          : loaded 2 times (x 139B)
Class com.google.common.collect.Iterators$EmptyModifiableIterator                     : loaded 2 times (x 86B)
Class com.google.common.base.Splitter                                                 : loaded 2 times (x 72B)
Class com.google.common.collect.ComparatorOrdering                                    : loaded 2 times (x 115B)
Class com.google.common.collect.Sets$1                                                : loaded 2 times (x 139B)
Class org.objectweb.asm.AnnotationVisitor                                             : loaded 2 times (x 78B)
Class org.gradle.api.internal.DefaultClassPathProvider                                : loaded 2 times (x 76B)
Class org.apache.commons.io.FilenameUtils                                             : loaded 2 times (x 71B)
Class com.google.common.collect.MapMakerInternalMap$Strength$1                        : loaded 2 times (x 80B)
Class [Lcom.google.common.base.Function;                                              : loaded 2 times (x 69B)
Class com.google.common.collect.Maps$ViewCachingAbstractMap                           : loaded 2 times (x 125B)
Class com.google.common.collect.LinkedHashMultimapGwtSerializationDependencies        : loaded 2 times (x 174B)
Class com.google.common.collect.NaturalOrdering                                       : loaded 2 times (x 115B)
Class com.google.common.collect.Sets$2                                                : loaded 2 times (x 139B)
Class [Lorg.gradle.api.internal.ClassPathProvider;                                    : loaded 2 times (x 69B)
Class org.gradle.api.internal.ClassPathProvider                                       : loaded 2 times (x 70B)
Class com.google.common.collect.MapMakerInternalMap$Strength$2                        : loaded 2 times (x 80B)
Class com.google.common.reflect.Types$ClassOwnership$1                                : loaded 2 times (x 80B)
Class com.google.common.base.AbstractIterator$State                                   : loaded 2 times (x 79B)
Class [Lorg.objectweb.asm.AnnotationVisitor;                                          : loaded 2 times (x 69B)
Class com.google.common.collect.Sets$3                                                : loaded 2 times (x 139B)
Class com.google.common.cache.LocalCache$LocalLoadingCache                            : loaded 2 times (x 134B)
Class org.gradle.internal.service.UnknownServiceException                             : loaded 2 times (x 83B)
Class com.google.common.collect.MapMakerInternalMap$StrongValueEntry                  : loaded 2 times (x 70B)
Class com.google.common.reflect.Types$ClassOwnership$2                                : loaded 2 times (x 80B)
Class com.google.common.reflect.TypeResolver                                          : loaded 2 times (x 72B)
Class com.google.common.io.ByteArrayDataInput                                         : loaded 2 times (x 70B)
Class com.google.common.collect.Sets$4                                                : loaded 2 times (x 139B)
Class org.objectweb.asm.ModuleVisitor                                                 : loaded 2 times (x 81B)
Class com.google.common.cache.LocalCache$Strength$1                                   : loaded 2 times (x 81B)
Class com.google.common.reflect.Types$ClassOwnership$3                                : loaded 2 times (x 71B)
Class com.google.common.collect.Collections2$FilteredCollection                       : loaded 2 times (x 119B)
Class org.apache.commons.io.output.QueueOutputStream                                  : loaded 2 times (x 87B)
Class com.google.common.util.concurrent.SettableFuture                                : loaded 2 times (x 114B)
Class com.google.common.cache.LocalCache$Strength$2                                   : loaded 2 times (x 81B)
Class com.google.common.collect.Interners$InternerImpl                                : loaded 2 times (x 75B)
Class com.google.common.collect.Interner                                              : loaded 2 times (x 70B)
Class [Lcom.google.common.collect.Maps$EntryFunction;                                 : loaded 2 times (x 69B)
Class com.google.common.io.ByteStreams                                                : loaded 2 times (x 71B)
Class com.google.common.collect.TransformedIterator                                   : loaded 2 times (x 80B)
Class com.google.common.base.Splitter$1                                               : loaded 2 times (x 77B)
Class com.google.common.collect.AllEqualOrdering                                      : loaded 2 times (x 114B)
Class com.google.common.cache.LocalCache$Strength$3                                   : loaded 2 times (x 81B)
Class com.google.common.collect.MapDifference                                         : loaded 2 times (x 70B)
Class com.google.common.collect.MapMaker$Dummy                                        : loaded 2 times (x 79B)
Class com.google.common.reflect.Invokable                                             : loaded 2 times (x 103B)
Class org.objectweb.asm.FieldWriter                                                   : loaded 2 times (x 78B)
Class com.google.common.cache.CacheBuilder$NullListener                               : loaded 2 times (x 82B)
Class org.gradle.internal.classpath.TransformedClassPath                              : loaded 2 times (x 96B)
Class org.gradle.internal.classloader.InstrumentingClassLoader                        : loaded 2 times (x 70B)
Class com.google.common.reflect.Types$ParameterizedTypeImpl                           : loaded 2 times (x 81B)
Class com.google.common.collect.Maps$IteratorBasedAbstractMap$1                       : loaded 2 times (x 138B)
Class com.google.common.collect.ImmutableListMultimap                                 : loaded 2 times (x 176B)
Class com.google.common.collect.ImmutableRangeSet$AsSet                               : loaded 2 times (x 300B)
Class org.apache.commons.io.output.UnsynchronizedByteArrayOutputStream                : loaded 2 times (x 102B)
Class com.google.common.cache.CacheLoader$FunctionToCacheLoader                       : loaded 2 times (x 75B)
Class com.google.common.collect.Iterators$ArrayItr                                    : loaded 2 times (x 97B)
Class com.google.common.collect.ImmutableCollection$Builder                           : loaded 2 times (x 76B)
Class com.google.common.reflect.TypeResolver$TypeVariableKey                          : loaded 2 times (x 72B)
Class com.google.common.collect.EmptyImmutableListMultimap                            : loaded 2 times (x 176B)
Class com.google.common.collect.BaseImmutableMultimap                                 : loaded 2 times (x 123B)
Class com.google.common.collect.ImmutableMapEntry$NonTerminalImmutableBiMapEntry      : loaded 2 times (x 85B)
Class org.apache.commons.io.output.ByteArrayOutputStream                              : loaded 2 times (x 102B)
Class com.google.common.base.Joiner                                                   : loaded 2 times (x 79B)
Class com.google.common.base.MoreObjects                                              : loaded 2 times (x 71B)
Class com.google.common.collect.Platform                                              : loaded 2 times (x 71B)
Class [Lorg.objectweb.asm.Type;                                                       : loaded 2 times (x 69B)
Class com.google.common.collect.UnmodifiableIterator                                  : loaded 2 times (x 80B)
Class org.gradle.internal.service.ServiceLocator                                      : loaded 2 times (x 70B)
Class org.apache.commons.io.FileExistsException                                       : loaded 2 times (x 82B)
Class com.google.common.collect.ImmutableSortedMap$Builder                            : loaded 2 times (x 90B)
Class com.google.common.collect.SingletonImmutableBiMap                               : loaded 2 times (x 143B)
Class com.google.common.base.Ascii                                                    : loaded 2 times (x 71B)
Class com.google.common.cache.LocalCache$1                                            : loaded 2 times (x 89B)
Class com.google.common.collect.Iterators$SingletonIterator                           : loaded 2 times (x 81B)
Class com.google.common.collect.AbstractMapEntry                                      : loaded 2 times (x 81B)
Class org.apache.commons.io.function.IOSupplier                                       : loaded 2 times (x 70B)
Class com.google.common.collect.MapMakerInternalMap$AbstractStrongKeyEntry            : loaded 2 times (x 80B)
Class com.google.common.reflect.TypeToken$SimpleTypeToken                             : loaded 2 times (x 73B)
Class com.google.common.collect.AbstractSetMultimap                                   : loaded 2 times (x 174B)
Class com.google.common.io.ByteSource$ByteArrayByteSource                             : loaded 2 times (x 85B)
Class com.google.common.collect.Sets$ImprovedAbstractSet                              : loaded 2 times (x 135B)
Class com.google.common.collect.ImmutableList$Builder                                 : loaded 2 times (x 77B)
Class com.google.common.collect.AbstractMultimap                                      : loaded 2 times (x 123B)
Class com.google.common.cache.LocalCache$2                                            : loaded 2 times (x 142B)
Class com.google.common.collect.SortedIterables                                       : loaded 2 times (x 71B)
Class com.google.common.collect.ImmutableRangeSet$1                                   : loaded 2 times (x 210B)
Class com.google.common.collect.RegularImmutableAsList                                : loaded 2 times (x 217B)
Class com.google.common.base.Optional                                                 : loaded 2 times (x 80B)
Class com.google.common.collect.Range                                                 : loaded 2 times (x 87B)
Class com.google.common.util.concurrent.AbstractFuture$Trusted                        : loaded 2 times (x 70B)
Class com.google.common.collect.Iterators                                             : loaded 2 times (x 71B)
Class com.google.common.io.ByteSink$AsCharSink                                        : loaded 2 times (x 80B)
Class com.google.common.collect.ExplicitOrdering                                      : loaded 2 times (x 115B)
Class com.google.common.collect.Lists$StringAsImmutableList                           : loaded 2 times (x 207B)
Class com.google.common.util.concurrent.UncheckedExecutionException                   : loaded 2 times (x 82B)
Class org.gradle.kotlin.dsl.VersionCatalogAccessorsKt                                 : loaded 2 times (x 71B)
Class com.google.common.collect.HashMultimapGwtSerializationDependencies              : loaded 2 times (x 174B)
Class com.google.common.collect.ImmutableBiMap$Builder                                : loaded 2 times (x 82B)
Class com.google.common.collect.AbstractMapBasedMultimap$KeySet$1                     : loaded 2 times (x 82B)
Class org.objectweb.asm.ClassWriter                                                   : loaded 2 times (x 106B)
Class com.google.common.cache.CacheLoader$UnsupportedLoadingOperationException        : loaded 2 times (x 82B)
Class com.google.common.base.CharMatcher$And                                          : loaded 2 times (x 112B)
Class com.google.common.collect.FluentIterable$1                                      : loaded 2 times (x 81B)
Class com.google.common.collect.AbstractMapBasedMultimap$Itr                          : loaded 2 times (x 83B)
Class com.google.common.base.Objects                                                  : loaded 2 times (x 71B)
Class org.objectweb.asm.FieldVisitor                                                  : loaded 2 times (x 77B)
Class com.google.common.collect.IndexedImmutableSet                                   : loaded 2 times (x 152B)
Class com.google.common.collect.BiMap                                                 : loaded 2 times (x 70B)
Class com.google.common.collect.ImmutableMap$1                                        : loaded 2 times (x 81B)
Class org.gradle.api.internal.classpath.DefaultModuleRegistry$DefaultModule           : loaded 2 times (x 82B)
Class com.google.common.reflect.Reflection                                            : loaded 2 times (x 71B)
Class com.google.common.base.Absent                                                   : loaded 2 times (x 80B)
Class com.google.common.collect.FluentIterable$2                                      : loaded 2 times (x 81B)
Class com.google.common.collect.NullsFirstOrdering                                    : loaded 2 times (x 115B)
Class com.google.common.primitives.Ints                                               : loaded 2 times (x 71B)
Class com.google.common.collect.AbstractIterator                                      : loaded 2 times (x 82B)
Class ijKotlinCoroutineJvmDebugInit1_84wf0hjeca84oepavwu4apobm$_run_closure1          : loaded 2 times (x 139B)
Class com.google.common.collect.FluentIterable$3                                      : loaded 2 times (x 81B)
Class com.google.common.collect.ObjectArrays                                          : loaded 2 times (x 71B)
Class com.google.common.math.MathPreconditions                                        : loaded 2 times (x 71B)
Class com.google.common.collect.Multiset                                              : loaded 2 times (x 70B)
Class com.google.common.collect.ArrayListMultimapGwtSerializationDependencies         : loaded 2 times (x 172B)
Class com.google.common.collect.AbstractIndexedListIterator                           : loaded 2 times (x 96B)
Class org.apache.commons.io.output.NullOutputStream                                   : loaded 2 times (x 85B)
Class com.google.common.collect.ImmutableMapEntrySet                                  : loaded 2 times (x 152B)
Class org.gradle.api.internal.classpath.Module                                        : loaded 2 times (x 70B)
Class com.google.common.collect.AbstractMultimap$Values                               : loaded 2 times (x 118B)
Class com.google.common.cache.Weigher                                                 : loaded 2 times (x 70B)
Class org.gradle.api.internal.classpath.UnknownModuleException                        : loaded 2 times (x 82B)
Class com.google.common.base.Stopwatch                                                : loaded 2 times (x 72B)
Class com.google.common.cache.LocalCache$Strength                                     : loaded 2 times (x 81B)
Class com.google.common.cache.Cache                                                   : loaded 2 times (x 70B)
Class org.apache.commons.io.filefilter.IOFileFilter                                   : loaded 2 times (x 70B)
Class com.google.common.io.AppendableWriter                                           : loaded 2 times (x 100B)
Class com.google.common.collect.AbstractMultimap$Entries                              : loaded 2 times (x 120B)
Class com.google.common.base.NullnessCasts                                            : loaded 2 times (x 71B)
Class com.google.common.util.concurrent.AbstractFuture$Cancellation                   : loaded 2 times (x 72B)
Class com.google.common.collect.ImmutableMap$Builder                                  : loaded 2 times (x 82B)
Class com.google.common.collect.Maps$EntryFunction$1                                  : loaded 2 times (x 91B)
Class com.google.common.base.Present                                                  : loaded 2 times (x 81B)
Class com.google.common.collect.AbstractMapBasedMultimap$WrappedCollection$WrappedIterator: loaded 2 times (x 84B)
Class com.google.common.collect.AbstractMapBasedMultimap$AsMap$AsMapIterator          : loaded 2 times (x 83B)
Class com.google.common.collect.Maps$TransformedEntriesMap                            : loaded 2 times (x 127B)
Class com.google.common.collect.LinkedHashMultimap                                    : loaded 2 times (x 175B)
Class com.google.common.cache.RemovalListener                                         : loaded 2 times (x 70B)
Class org.gradle.api.internal.DefaultClassPathRegistry                                : loaded 2 times (x 76B)
Class org.apache.commons.io.file.DeleteOption                                         : loaded 2 times (x 70B)
Class com.google.common.reflect.Invokable$ConstructorInvokable                        : loaded 2 times (x 107B)
Class com.google.common.base.Predicates$ObjectPredicate                               : loaded 2 times (x 96B)
Class com.google.common.collect.Maps$EntryFunction$2                                  : loaded 2 times (x 91B)
Class com.google.common.collect.ImmutableMultimap$Keys                                : loaded 2 times (x 166B)
Class com.google.common.primitives.IntsMethodsForWeb                                  : loaded 2 times (x 71B)
Class com.google.common.collect.Multimap                                              : loaded 2 times (x 70B)
Class org.gradle.internal.classpath.DefaultClassPath$ImmutableUniqueList              : loaded 2 times (x 199B)
Class org.gradle.api.internal.ClassPathRegistry                                       : loaded 2 times (x 70B)
Class com.google.common.collect.MapMakerInternalMap$Segment                           : loaded 2 times (x 142B)
Class com.google.common.reflect.TypeToken                                             : loaded 2 times (x 73B)
Class com.google.common.collect.NullnessCasts                                         : loaded 2 times (x 71B)
Class com.google.common.base.ExtraObjectsMethodsForWeb                                : loaded 2 times (x 71B)
Class org.apache.commons.io.IOUtils                                                   : loaded 2 times (x 71B)
Class com.google.common.cache.RemovalCause                                            : loaded 2 times (x 80B)
Class com.google.common.io.ByteSink                                                   : loaded 2 times (x 76B)
Class com.google.common.cache.CacheBuilder                                            : loaded 2 times (x 72B)
Class com.google.common.collect.SingletonImmutableList                                : loaded 2 times (x 207B)
Class Settings_gradle$1                                                               : loaded 2 times (x 74B)
Class org.gradle.internal.classpath.ClassPath                                         : loaded 2 times (x 70B)
Class com.google.common.collect.Interners$InternerBuilder                             : loaded 2 times (x 76B)
Class [Lcom.google.common.reflect.Types$JavaVersion;                                  : loaded 2 times (x 69B)
Class com.google.common.io.Files$FileByteSource                                       : loaded 2 times (x 85B)
Class com.google.common.base.JdkPattern                                               : loaded 2 times (x 75B)
Class com.google.common.collect.ImmutableList$ReverseImmutableList                    : loaded 2 times (x 209B)
Class ijKotlinCoroutineJvmDebugInit1_84wf0hjeca84oepavwu4apobm$_run_closure1$_closure2: loaded 2 times (x 139B)
Class com.google.common.collect.Sets$1$1                                              : loaded 2 times (x 82B)
Class com.google.common.io.CharStreams$NullWriter                                     : loaded 2 times (x 99B)
Class org.objectweb.asm.SymbolTable$Entry                                             : loaded 2 times (x 74B)
Class org.gradle.api.internal.classpath.DefaultModuleRegistry$DefaultModuleAlias      : loaded 2 times (x 80B)
Class com.google.common.base.Predicates$ObjectPredicate$1                             : loaded 2 times (x 96B)
Class org.objectweb.asm.Edge                                                          : loaded 2 times (x 72B)
Class com.google.common.base.Suppliers$SupplierOfInstance                             : loaded 2 times (x 79B)
Class com.google.common.collect.Iterators$1                                           : loaded 2 times (x 81B)
Class com.google.common.reflect.TypeToken$1                                           : loaded 2 times (x 110B)
Class com.google.common.base.Predicates$ObjectPredicate$2                             : loaded 2 times (x 96B)
Class com.google.common.cache.LocalCache$ComputingValueReference                      : loaded 2 times (x 96B)
Class com.google.common.collect.SingletonImmutableSet                                 : loaded 2 times (x 146B)
Class com.google.common.collect.ImmutableMap$IteratorBasedImmutableMap                : loaded 2 times (x 126B)
Class com.google.common.reflect.TypeToken$2                                           : loaded 2 times (x 110B)
Class com.google.common.collect.MultimapBuilder                                       : loaded 2 times (x 73B)
Class com.google.common.base.Predicates$ObjectPredicate$3                             : loaded 2 times (x 96B)
Class com.google.common.collect.AbstractMapBasedMultimap$AsMap$AsMapEntries           : loaded 2 times (x 138B)
Class com.google.common.cache.LocalCache$Segment                                      : loaded 2 times (x 154B)
Class com.google.common.base.Predicates$ObjectPredicate$4                             : loaded 2 times (x 96B)
Class [Lcom.google.common.base.Supplier;                                              : loaded 2 times (x 69B)
Class com.google.common.collect.SortedIterable                                        : loaded 2 times (x 70B)
Class com.google.common.collect.AbstractListMultimap                                  : loaded 2 times (x 172B)
Class [Lorg.objectweb.asm.SymbolTable$Entry;                                          : loaded 2 times (x 69B)
Class com.google.common.cache.CacheLoader                                             : loaded 2 times (x 74B)
Class com.google.common.collect.Iterators$4                                           : loaded 2 times (x 82B)
Class com.google.common.collect.ImmutableBiMap                                        : loaded 2 times (x 143B)
Class org.gradle.api.internal.classpath.ModuleRegistry                                : loaded 2 times (x 70B)
Class org.gradle.internal.installation.GradleInstallation$1                           : loaded 2 times (x 75B)
Class com.google.common.base.Splitter$SplittingIterator                               : loaded 2 times (x 84B)
Class org.apache.commons.io.output.NullWriter                                         : loaded 2 times (x 99B)
Class com.google.common.collect.ImmutableSet$JdkBackedSetBuilderImpl                  : loaded 2 times (x 76B)
Class com.google.common.util.concurrent.internal.InternalFutureFailureAccess          : loaded 2 times (x 72B)
Class com.google.common.collect.Iterators$5                                           : loaded 2 times (x 82B)
Class com.google.common.collect.MultimapBuilder$ArrayListSupplier                     : loaded 2 times (x 77B)
Class com.google.common.collect.Iterators$6                                           : loaded 2 times (x 81B)
Class com.google.common.collect.ImmutableMultimap$Values                              : loaded 2 times (x 126B)
Class com.google.common.collect.ImmutableSortedAsList                                 : loaded 2 times (x 221B)
Class com.google.common.cache.LocalCache$LocalManualCache$1                           : loaded 2 times (x 75B)
Class com.google.common.base.CharMatcher$ForPredicate                                 : loaded 2 times (x 112B)
Class com.google.common.collect.Multimaps$CustomListMultimap                          : loaded 2 times (x 174B)
Class com.google.common.collect.ImmutableSortedMap$1EntrySet                          : loaded 2 times (x 155B)
Class com.google.common.base.CharMatcher$AnyOf                                        : loaded 2 times (x 112B)
Class com.google.common.collect.ImmutableCollection                                   : loaded 2 times (x 125B)
Class org.gradle.api.internal.classpath.DefaultModuleRegistry                         : loaded 2 times (x 84B)
Class com.google.common.collect.LinkedHashMultimap$ValueSetLink                       : loaded 2 times (x 70B)
Class com.google.common.collect.Lists                                                 : loaded 2 times (x 71B)
Class com.google.common.util.concurrent.ListenableFuture                              : loaded 2 times (x 70B)
Class com.google.common.cache.ReferenceEntry                                          : loaded 2 times (x 70B)
Class com.google.common.base.Converter                                                : loaded 2 times (x 90B)
Class com.google.common.collect.ImmutableSet$CachingAsList                            : loaded 2 times (x 148B)
Class com.google.common.collect.CollectSpliterators$FlatMapSpliteratorOfObject        : loaded 2 times (x 87B)
Class com.google.common.collect.AbstractMapBasedMultimap                              : loaded 2 times (x 139B)
Class com.google.common.util.concurrent.AbstractFuture                                : loaded 2 times (x 106B)
Class com.google.common.base.FunctionalEquivalence                                    : loaded 2 times (x 83B)
Class com.google.common.collect.Iterators$9                                           : loaded 2 times (x 81B)
Class com.google.common.collect.ImmutableAsList                                       : loaded 2 times (x 209B)
Class com.google.common.reflect.TypeResolver$TypeTable                                : loaded 2 times (x 73B)
Class com.google.common.io.CharStreams                                                : loaded 2 times (x 71B)
Class com.google.common.collect.ImmutableMultiset                                     : loaded 2 times (x 163B)
Class org.objectweb.asm.RecordComponentVisitor                                        : loaded 2 times (x 77B)
Class com.google.common.cache.CacheLoader$SupplierToCacheLoader                       : loaded 2 times (x 75B)
Class com.google.common.reflect.TypeResolver$TypeTable$1                              : loaded 2 times (x 73B)
Class com.google.common.collect.UsingToStringOrdering                                 : loaded 2 times (x 114B)
Class com.google.common.collect.Maps$EntryTransformer                                 : loaded 2 times (x 70B)
Class org.gradle.internal.service.ServiceLookupException                              : loaded 2 times (x 82B)
Class com.google.common.collect.Ordering$IncomparableValueException                   : loaded 2 times (x 82B)
Class com.google.common.collect.ImmutableSortedSet                                    : loaded 2 times (x 300B)
Class com.google.common.collect.Lists$ReverseList                                     : loaded 2 times (x 200B)
Class [Lcom.google.common.cache.LocalCache$EntryFactory;                              : loaded 2 times (x 69B)
Class ijJvmDebugger1_1nxz8iacv3bg692g0l3pkvalm$_run_closure1$_closure2                : loaded 2 times (x 140B)
Class org.gradle.internal.classloader.ClassLoaderFactory                              : loaded 2 times (x 70B)
Class com.google.common.collect.ImmutableMap$SerializedForm                           : loaded 2 times (x 73B)
Class org.apache.commons.io.CloseableURLConnection                                    : loaded 2 times (x 116B)
Class com.google.common.base.CommonPattern                                            : loaded 2 times (x 74B)
Class com.google.common.cache.LocalCache$LocalManualCache                             : loaded 2 times (x 99B)
Class com.google.common.base.CharMatcher$IsNot                                        : loaded 2 times (x 111B)
Class org.gradle.internal.service.CachingServiceLocator                               : loaded 2 times (x 82B)
Class com.google.common.collect.LinkedHashMultimap$ValueEntry                         : loaded 2 times (x 89B)
Class com.google.common.collect.Streams                                               : loaded 2 times (x 71B)
Class com.google.common.collect.RegularImmutableSortedSet                             : loaded 2 times (x 300B)
Class com.google.common.collect.AbstractMapBasedMultimap$KeySet                       : loaded 2 times (x 137B)
Class com.google.common.math.IntMath                                                  : loaded 2 times (x 71B)
Class com.google.common.collect.MapMakerInternalMap$InternalEntry                     : loaded 2 times (x 70B)
Class com.google.common.reflect.Types$TypeVariableInvocationHandler                   : loaded 2 times (x 75B)
Class com.google.common.collect.ImmutableMapEntry                                     : loaded 2 times (x 85B)
Class com.google.common.collect.ImmutableMultimap                                     : loaded 2 times (x 147B)
Class com.google.common.base.Predicates                                               : loaded 2 times (x 71B)
Class com.google.common.base.Equivalence                                              : loaded 2 times (x 82B)
Class com.google.common.base.Function                                                 : loaded 2 times (x 70B)
Class com.google.common.collect.ImmutableMapEntry$NonTerminalImmutableMapEntry        : loaded 2 times (x 85B)
Class com.google.common.collect.IndexedImmutableSet$1                                 : loaded 2 times (x 213B)
Class org.apache.commons.io.output.AbstractByteArrayOutputStream                      : loaded 2 times (x 102B)
Class com.google.common.cache.CacheBuilder$OneWeigher                                 : loaded 2 times (x 82B)
Class com.google.common.collect.RegularImmutableList                                  : loaded 2 times (x 213B)
Class com.google.common.reflect.Types$ClassOwnership$1LocalClass                      : loaded 2 times (x 71B)
Class com.google.common.collect.Maps$EntryFunction                                    : loaded 2 times (x 91B)
Class com.google.common.collect.ImmutableSortedMap                                    : loaded 2 times (x 217B)
Class org.gradle.internal.classloader.ClasspathUtil                                   : loaded 2 times (x 71B)
Class com.google.common.util.concurrent.Uninterruptibles                              : loaded 2 times (x 71B)
Class com.google.common.collect.AbstractMapBasedMultimap$WrappedSet                   : loaded 2 times (x 142B)
Class [Lcom.google.common.base.Predicates$ObjectPredicate;                            : loaded 2 times (x 69B)
Class com.google.common.io.CharSource                                                 : loaded 2 times (x 85B)
Class com.google.common.util.concurrent.LazyLogger                                    : loaded 2 times (x 72B)
Class com.google.common.collect.Maps                                                  : loaded 2 times (x 71B)
Class org.gradle.api.specs.Spec                                                       : loaded 2 times (x 70B)
Class com.google.common.collect.MapMaker                                              : loaded 2 times (x 72B)
Class org.apache.commons.io.file.PathFilter                                           : loaded 2 times (x 70B)
Class com.google.common.reflect.Types$JavaVersion                                     : loaded 2 times (x 83B)
Class com.google.common.collect.MultimapBuilder$ListMultimapBuilder                   : loaded 2 times (x 75B)
Class [Lcom.google.common.collect.ImmutableEntry;                                     : loaded 2 times (x 69B)
Class com.google.common.collect.Sets$3$1                                              : loaded 2 times (x 82B)
Class com.google.common.cache.LocalCache$LoadingValueReference                        : loaded 2 times (x 96B)
Class com.google.common.collect.MapMakerInternalMap$StrongKeyDummyValueEntry          : loaded 2 times (x 82B)
Class com.google.common.reflect.Invokable$MethodInvokable                             : loaded 2 times (x 107B)
Class com.google.common.io.LineReader$1                                               : loaded 2 times (x 75B)
Class com.google.common.collect.Multimaps$Entries                                     : loaded 2 times (x 118B)
Class com.google.common.collect.AbstractMapBasedMultimap$AsMap                        : loaded 2 times (x 128B)
Class com.google.common.collect.CollectSpliterators                                   : loaded 2 times (x 71B)
Class com.google.common.base.Platform                                                 : loaded 2 times (x 71B)
Class com.google.common.collect.AbstractMapBasedMultimap$WrappedList                  : loaded 2 times (x 205B)
Class com.google.common.collect.CompoundOrdering                                      : loaded 2 times (x 115B)
Class [Lorg.objectweb.asm.AnnotationWriter;                                           : loaded 2 times (x 69B)
Class com.google.common.collect.Maps$8                                                : loaded 2 times (x 82B)
Class ijKotlinCoroutineJvmDebugInit1_84wf0hjeca84oepavwu4apobm                        : loaded 2 times (x 171B)
Class com.google.common.base.Predicates$CompositionPredicate                          : loaded 2 times (x 88B)
Class [Lcom.google.common.collect.Iterators$EmptyModifiableIterator;                  : loaded 2 times (x 69B)
Class com.google.common.collect.Maps$9                                                : loaded 2 times (x 76B)
Class com.google.common.collect.ImmutableRangeSet$Builder                             : loaded 2 times (x 77B)
Class com.google.common.collect.Lists$ReverseList$1                                   : loaded 2 times (x 99B)
Class com.google.common.collect.Sets$SetView                                          : loaded 2 times (x 138B)
Class com.google.common.cache.LocalCache$StrongValueReference                         : loaded 2 times (x 90B)
Class com.google.common.collect.RegularImmutableBiMap$Inverse                         : loaded 2 times (x 143B)
Class com.google.common.graph.SuccessorsFunction                                      : loaded 2 times (x 70B)
Class org.objectweb.asm.Type                                                          : loaded 2 times (x 72B)
Class org.gradle.internal.classloader.VisitableURLClassLoader$InstrumentingVisitableURLClassLoader: loaded 2 times (x 123B)
Class com.google.common.collect.MapMakerInternalMap$StrongKeyDummyValueEntry$Helper   : loaded 2 times (x 79B)
Class org.apache.commons.io.FileUtils                                                 : loaded 2 times (x 71B)
Class com.google.common.collect.CollectSpliterators$FlatMapSpliterator                : loaded 2 times (x 87B)
Class com.google.common.collect.Maps$FilteredEntryMap$EntrySet                        : loaded 2 times (x 152B)
Class com.google.common.io.Files$FileByteSink                                         : loaded 2 times (x 77B)
Class com.google.common.math.IntMath$1                                                : loaded 2 times (x 71B)
Class org.objectweb.asm.ByteVector                                                    : loaded 2 times (x 79B)
Class [Lcom.google.common.cache.CacheBuilder$NullListener;                            : loaded 2 times (x 69B)
Class org.gradle.internal.classloader.VisitableURLClassLoader$Spec                    : loaded 2 times (x 74B)
Class org.gradle.internal.classpath.DefaultClassPath                                  : loaded 2 times (x 90B)
Class com.google.common.reflect.Types$ClassOwnership                                  : loaded 2 times (x 80B)
Class com.google.common.base.AbstractIterator                                         : loaded 2 times (x 80B)
Class com.google.common.collect.ImmutableSortedMap$1EntrySet$1                        : loaded 2 times (x 213B)
Class org.objectweb.asm.Symbol                                                        : loaded 2 times (x 73B)
Class com.google.common.io.Java8Compatibility                                         : loaded 2 times (x 71B)
Class com.google.common.collect.Sets$FilteredSet                                      : loaded 2 times (x 137B)
Class com.google.common.io.Closer                                                     : loaded 2 times (x 78B)
Class com.google.common.base.CharMatcher$BitSetMatcher                                : loaded 2 times (x 112B)
Class com.google.common.collect.RegularImmutableMap$Values                            : loaded 2 times (x 207B)
Class com.google.common.collect.ImmutableSet                                          : loaded 2 times (x 145B)
Class org.gradle.internal.classloader.ClassLoaderSpec                                 : loaded 2 times (x 71B)
Class com.google.common.collect.AbstractMapBasedMultimap$1                            : loaded 2 times (x 84B)
Class com.google.common.io.ByteSource$EmptyByteSource                                 : loaded 2 times (x 85B)
Class org.objectweb.asm.AnnotationWriter                                              : loaded 2 times (x 79B)
Class com.google.common.cache.CacheStats                                              : loaded 2 times (x 71B)
Class com.google.common.collect.Interners                                             : loaded 2 times (x 71B)
Class [Lcom.google.common.base.Predicate;                                             : loaded 2 times (x 69B)
Class com.google.common.collect.AbstractMapBasedMultimap$2                            : loaded 2 times (x 85B)
Class com.google.common.collect.ImmutableMultisetGwtSerializationDependencies         : loaded 2 times (x 125B)
Class com.google.common.io.LineProcessor                                              : loaded 2 times (x 70B)
Class com.google.common.io.Closer$Suppressor                                          : loaded 2 times (x 70B)
Class org.objectweb.asm.RecordComponentWriter                                         : loaded 2 times (x 78B)
Class com.google.common.util.concurrent.AbstractFuture$Listener                       : loaded 2 times (x 72B)
Class com.google.common.base.CharMatcher$Or                                           : loaded 2 times (x 112B)
Class Settings_gradle$1$1                                                             : loaded 2 times (x 74B)
Class org.gradle.api.internal.classpath.Module$ModuleAlias                            : loaded 2 times (x 70B)
Class com.google.common.collect.MultimapBuilder$SortedSetMultimapBuilder              : loaded 2 times (x 77B)
Class com.google.common.collect.ForwardingSet                                         : loaded 2 times (x 151B)
Class org.objectweb.asm.Attribute                                                     : loaded 2 times (x 77B)
Class com.google.common.base.Supplier                                                 : loaded 2 times (x 70B)
Class org.gradle.internal.classloader.VisitableURLClassLoader                         : loaded 2 times (x 117B)
Class com.google.common.collect.ImmutableList$SerializedForm                          : loaded 2 times (x 73B)
Class Settings_gradle                                                                 : loaded 2 times (x 124B)
Class org.gradle.internal.Cast                                                        : loaded 2 times (x 71B)
Class org.gradle.api.Action                                                           : loaded 2 times (x 70B)
Class com.google.common.collect.MapMakerInternalMap                                   : loaded 2 times (x 161B)
Class com.google.common.base.Strings                                                  : loaded 2 times (x 71B)
Class com.google.common.collect.Sets                                                  : loaded 2 times (x 71B)
Class org.objectweb.asm.Handler                                                       : loaded 2 times (x 72B)
Class com.google.common.base.Ticker                                                   : loaded 2 times (x 72B)
Class com.google.common.base.CharMatcher$FastMatcher                                  : loaded 2 times (x 111B)
Class com.google.common.cache.RemovalCause$1                                          : loaded 2 times (x 80B)
Class com.google.common.collect.MultimapBuilder$SetMultimapBuilder                    : loaded 2 times (x 75B)
Class com.google.common.collect.ImmutableSortedSet$Builder                            : loaded 2 times (x 86B)
Class [Lcom.google.common.cache.LocalCache$Segment;                                   : loaded 2 times (x 69B)
Class [Lcom.google.common.cache.LocalCache$Strength;                                  : loaded 2 times (x 69B)
Class com.google.common.cache.CacheBuilder$1                                          : loaded 2 times (x 85B)
Class com.google.common.base.Predicate                                                : loaded 2 times (x 70B)
Class com.google.common.collect.ImmutableMap                                          : loaded 2 times (x 120B)
Class org.gradle.internal.classpath.DefaultClassPath$ImmutableUniqueList$Builder      : loaded 2 times (x 75B)
Class com.google.common.cache.RemovalCause$2                                          : loaded 2 times (x 80B)
Class com.google.common.collect.MapMakerInternalMap$WeakValueReference                : loaded 2 times (x 70B)
Class com.google.common.collect.AbstractRangeSet                                      : loaded 2 times (x 114B)
Class com.google.common.cache.LocalCache                                              : loaded 2 times (x 187B)
Class com.google.common.cache.CacheBuilder$2                                          : loaded 2 times (x 79B)
Class com.google.common.base.CharMatcher$NegatedFastMatcher                           : loaded 2 times (x 113B)
Class com.google.common.cache.RemovalCause$3                                          : loaded 2 times (x 80B)
Class com.google.common.collect.ArrayListMultimap                                     : loaded 2 times (x 172B)
Class com.google.common.cache.CacheBuilder$3                                          : loaded 2 times (x 72B)
Class [Lcom.google.common.collect.AbstractMapEntry;                                   : loaded 2 times (x 69B)
Class com.google.common.collect.ImmutableEntry                                        : loaded 2 times (x 82B)
Class org.gradle.api.GradleException                                                  : loaded 2 times (x 82B)
Class com.google.common.cache.RemovalCause$4                                          : loaded 2 times (x 80B)
Class com.google.common.base.Suppliers$MemoizingSupplier                              : loaded 2 times (x 79B)
Class org.apache.commons.io.StandardLineSeparator                                     : loaded 2 times (x 79B)
Class com.google.common.collect.CollectPreconditions                                  : loaded 2 times (x 71B)
Class com.google.common.cache.RemovalCause$5                                          : loaded 2 times (x 80B)
Class [Lcom.google.common.collect.MapMakerInternalMap$Strength;                       : loaded 2 times (x 69B)
Class [Lcom.google.common.io.FileWriteMode;                                           : loaded 2 times (x 69B)
Class com.google.common.collect.Maps$AbstractFilteredMap                              : loaded 2 times (x 127B)
Class com.google.common.collect.SortedMapDifference                                   : loaded 2 times (x 70B)
Class com.google.common.collect.MapMakerInternalMap$StrongKeyDummyValueSegment        : loaded 2 times (x 142B)
Class com.google.common.cache.LocalCache$WriteThroughEntry                            : loaded 2 times (x 79B)
Class com.google.common.cache.LocalCache$HashIterator                                 : loaded 2 times (x 86B)
Class com.google.common.collect.Iterables$4                                           : loaded 2 times (x 81B)
Class com.google.common.io.Files                                                      : loaded 2 times (x 71B)
Class com.google.common.cache.LocalCache$EntryFactory                                 : loaded 2 times (x 83B)
Class [Lcom.google.common.collect.MapMaker$Dummy;                                     : loaded 2 times (x 69B)
Class com.google.common.base.CharMatcher$Whitespace                                   : loaded 2 times (x 112B)
Class com.google.common.reflect.Types$NativeTypeVariableEquals                        : loaded 2 times (x 71B)
Class com.google.common.reflect.TypeParameter                                         : loaded 2 times (x 72B)
Class com.google.common.collect.Iterables$5                                           : loaded 2 times (x 81B)
Class com.google.common.collect.NullsLastOrdering                                     : loaded 2 times (x 115B)
Class com.google.common.cache.LocalCache$AbstractReferenceEntry                       : loaded 2 times (x 107B)
Class org.gradle.internal.IoActions                                                   : loaded 2 times (x 71B)
Class com.google.common.collect.MultimapBuilder$MultimapBuilderWithKeys$1             : loaded 2 times (x 76B)
Class com.google.common.primitives.Longs                                              : loaded 2 times (x 71B)
Class com.google.common.collect.ImmutableMapKeySet                                    : loaded 2 times (x 152B)
Class com.google.common.collect.ImmutableRangeSet$ComplementRanges                    : loaded 2 times (x 207B)
Class org.objectweb.asm.SymbolTable                                                   : loaded 2 times (x 72B)
Class com.google.common.cache.CacheLoader$InvalidCacheLoadException                   : loaded 2 times (x 82B)
Class com.google.common.collect.ImmutableSet$RegularSetBuilderImpl                    : loaded 2 times (x 77B)
Class com.google.common.collect.MultimapBuilder$MultimapBuilderWithKeys$2             : loaded 2 times (x 76B)
Class com.google.common.collect.FluentIterable                                        : loaded 2 times (x 81B)
Class com.google.common.cache.LocalCache$StrongEntry                                  : loaded 2 times (x 108B)
Class com.google.common.util.concurrent.AbstractFuture$TrustedFuture                  : loaded 2 times (x 114B)
Class com.google.common.cache.LoadingCache                                            : loaded 2 times (x 70B)
Class com.google.common.collect.MultimapBuilder$MultimapBuilderWithKeys$3             : loaded 2 times (x 76B)
Class com.google.common.io.ByteStreams$LimitedInputStream                             : loaded 2 times (x 92B)
Class com.google.common.base.Suppliers$NonSerializableMemoizingSupplier               : loaded 2 times (x 79B)
Class org.objectweb.asm.MethodWriter                                                  : loaded 2 times (x 106B)
Class [Lcom.google.common.cache.Weigher;                                              : loaded 2 times (x 69B)
Class com.google.common.collect.RegularImmutableMap$BucketOverflowException           : loaded 2 times (x 82B)
Class com.google.common.collect.CollectSpliterators$FlatMapSpliterator$Factory        : loaded 2 times (x 70B)
Class com.google.common.collect.MultimapBuilder$MultimapBuilderWithKeys$4             : loaded 2 times (x 76B)
Class com.google.common.collect.AbstractMapBasedMultimap$RandomAccessWrappedList      : loaded 2 times (x 205B)
Class com.google.common.collect.ImmutableMultimap$1                                   : loaded 2 times (x 82B)
Class com.google.common.reflect.Types$JavaVersion$1                                   : loaded 2 times (x 83B)
Class com.google.common.collect.MultimapBuilder$MultimapBuilderWithKeys$5             : loaded 2 times (x 78B)
Class com.google.common.collect.AbstractIterator$State                                : loaded 2 times (x 79B)
Class com.google.common.collect.ImmutableMultimap$2                                   : loaded 2 times (x 81B)
Class com.google.common.collect.RegularImmutableBiMap                                 : loaded 2 times (x 149B)
Class com.google.common.cache.LocalCache$ValueReference                               : loaded 2 times (x 70B)
Class com.google.common.base.CharMatcher$Is                                           : loaded 2 times (x 111B)
Class com.google.common.base.CharMatcher$Negated                                      : loaded 2 times (x 113B)
Class com.google.common.reflect.Types$JavaVersion$2                                   : loaded 2 times (x 83B)
Class com.google.common.reflect.Types                                                 : loaded 2 times (x 71B)
Class com.google.common.collect.MultimapBuilder$MultimapBuilderWithKeys$6             : loaded 2 times (x 76B)
Class com.google.common.hash.PrimitiveSink                                            : loaded 2 times (x 70B)
Class com.google.common.base.PatternCompiler                                          : loaded 2 times (x 70B)
Class com.google.common.util.concurrent.AbstractFuture$Failure                        : loaded 2 times (x 72B)
Class com.google.common.base.Equivalence$Equals                                       : loaded 2 times (x 82B)
Class com.google.common.collect.Hashing                                               : loaded 2 times (x 71B)
Class com.google.common.base.Preconditions                                            : loaded 2 times (x 71B)
Class com.google.common.io.CharSink                                                   : loaded 2 times (x 79B)
Class [Lorg.apache.commons.io.file.DeleteOption;                                      : loaded 2 times (x 69B)
Class com.google.common.reflect.Types$JavaVersion$3                                   : loaded 2 times (x 83B)
Class com.google.common.collect.ImmutableSetMultimap                                  : loaded 2 times (x 180B)
Class com.google.common.collect.ByFunctionOrdering                                    : loaded 2 times (x 115B)
Class com.google.common.base.Joiner$1                                                 : loaded 2 times (x 80B)
Class org.objectweb.asm.Label                                                         : loaded 2 times (x 73B)
Class org.objectweb.asm.CurrentFrame                                                  : loaded 2 times (x 73B)
Class org.objectweb.asm.ClassTooLargeException                                        : loaded 2 times (x 83B)
Class com.google.common.base.CharMatcher                                              : loaded 2 times (x 111B)
Class com.google.common.collect.PeekingIterator                                       : loaded 2 times (x 70B)
Class com.google.common.collect.MapMakerInternalMap$InternalEntryHelper               : loaded 2 times (x 70B)
Class com.google.common.reflect.Types$JavaVersion$4                                   : loaded 2 times (x 83B)
Class com.google.common.collect.Table                                                 : loaded 2 times (x 70B)
Class com.google.common.collect.Maps$IteratorBasedAbstractMap                         : loaded 2 times (x 125B)
Class com.google.common.io.ByteSource$AsCharSource                                    : loaded 2 times (x 86B)
Class com.google.common.collect.RangeGwtSerializationDependencies                     : loaded 2 times (x 71B)
Class com.google.common.base.Joiner$2                                                 : loaded 2 times (x 79B)
Class org.objectweb.asm.Frame                                                         : loaded 2 times (x 73B)
Class org.objectweb.asm.MethodVisitor                                                 : loaded 2 times (x 105B)
Class com.google.common.cache.LocalCache$EntryFactory$1                               : loaded 2 times (x 83B)
Class [Lcom.google.common.cache.RemovalListener;                                      : loaded 2 times (x 69B)
Class com.google.common.base.CharMatcher$1                                            : loaded 2 times (x 113B)
Class com.google.common.base.CharMatcher$NamedFastMatcher                             : loaded 2 times (x 112B)
Class com.google.common.reflect.Types$JavaVersion$5                                   : loaded 2 times (x 71B)
Class [Lcom.google.common.reflect.Types$ClassOwnership;                               : loaded 2 times (x 69B)
Class com.google.common.collect.RegularImmutableBiMap$Inverse$InverseEntrySet         : loaded 2 times (x 152B)
Class com.google.common.collect.RangeSet                                              : loaded 2 times (x 70B)
Class com.google.common.cache.LocalCache$EntryFactory$2                               : loaded 2 times (x 83B)
Class com.google.common.collect.Multimaps                                             : loaded 2 times (x 71B)
Class com.google.common.collect.CollectCollectors                                     : loaded 2 times (x 71B)
Class org.objectweb.asm.ModuleWriter                                                  : loaded 2 times (x 82B)
Class com.google.common.cache.LocalCache$EntryFactory$3                               : loaded 2 times (x 83B)
Class com.google.common.base.Ticker$1                                                 : loaded 2 times (x 72B)
Class com.google.common.collect.Maps$BiMapConverter                                   : loaded 2 times (x 90B)
Class com.google.common.collect.ImmutableMapEntrySet$RegularEntrySet                  : loaded 2 times (x 152B)
Class com.google.common.collect.MultimapBuilder$1                                     : loaded 2 times (x 83B)
Class com.google.common.collect.CollectSpliterators$1                                 : loaded 2 times (x 90B)
Class com.google.common.collect.SetMultimap                                           : loaded 2 times (x 70B)
Class com.google.common.collect.ImmutableSet$Builder                                  : loaded 2 times (x 85B)
Class com.google.common.cache.LocalCache$EntryFactory$4                               : loaded 2 times (x 83B)
Class com.google.common.base.CharMatcher$InRange                                      : loaded 2 times (x 111B)
Class com.google.common.collect.MultimapBuilder$2                                     : loaded 2 times (x 83B)
Class com.google.common.collect.MultimapBuilder$MultimapBuilderWithKeys               : loaded 2 times (x 82B)
Class com.google.common.io.ByteStreams$1                                              : loaded 2 times (x 85B)
Class com.google.common.collect.ReverseOrdering                                       : loaded 2 times (x 115B)
Class com.google.common.cache.LocalCache$EntryFactory$5                               : loaded 2 times (x 83B)
Class com.google.common.collect.MultimapBuilder$3                                     : loaded 2 times (x 84B)
Class com.google.common.collect.HashMultimap                                          : loaded 2 times (x 174B)
Class org.apache.commons.io.output.AppendableWriter                                   : loaded 2 times (x 100B)
Class com.google.common.cache.LocalCache$EntryFactory$6                               : loaded 2 times (x 83B)
Class org.gradle.internal.installation.CurrentGradleInstallationLocator               : loaded 2 times (x 71B)
Class com.google.common.collect.MultimapBuilder$4                                     : loaded 2 times (x 84B)
Class com.google.common.collect.ImmutableMultimap$Builder                             : loaded 2 times (x 86B)
Class com.google.common.io.ByteSource$SlicedByteSource                                : loaded 2 times (x 85B)
Class org.apache.commons.io.output.ThresholdingOutputStream                           : loaded 2 times (x 95B)
Class com.google.common.collect.Maps$KeySet                                           : loaded 2 times (x 137B)
Class com.google.common.collect.ImmutableSet$EmptySetBuilderImpl                      : loaded 2 times (x 76B)
Class com.google.common.cache.LocalCache$EntryFactory$7                               : loaded 2 times (x 83B)
Class com.google.common.collect.ImmutableList                                         : loaded 2 times (x 206B)
Class org.gradle.internal.service.DefaultServiceLocator                               : loaded 2 times (x 83B)
Class com.google.common.collect.Maps$EntrySet                                         : loaded 2 times (x 136B)
Class com.google.common.collect.ImmutableMultimap$EntryCollection                     : loaded 2 times (x 128B)
Class com.google.common.cache.LocalCache$EntryFactory$8                               : loaded 2 times (x 83B)
Class com.google.common.collect.ImmutableSet$SetBuilderImpl                           : loaded 2 times (x 76B)
Class org.gradle.internal.installation.CurrentGradleInstallation                      : loaded 2 times (x 73B)
Class com.google.common.cache.CacheLoader$1                                           : loaded 2 times (x 75B)
Class com.google.common.collect.ForwardingObject                                      : loaded 2 times (x 72B)
Class com.google.common.collect.ImmutableList$SubList                                 : loaded 2 times (x 209B)
Class org.gradle.util.internal.GUtil                                                  : loaded 2 times (x 71B)
Class com.google.common.io.ByteSource                                                 : loaded 2 times (x 84B)
Class com.google.common.cache.AbstractCache$StatsCounter                              : loaded 2 times (x 70B)
Class com.google.common.collect.MapMakerInternalMap$1                                 : loaded 2 times (x 83B)
Class com.google.common.reflect.Types$TypeVariableImpl                                : loaded 2 times (x 72B)
Class com.google.common.io.LineBuffer                                                 : loaded 2 times (x 75B)
Class com.google.common.collect.Iterators$MergingIterator                             : loaded 2 times (x 81B)
Class com.google.common.collect.RegularImmutableSet                                   : loaded 2 times (x 149B)
Class org.gradle.internal.installation.GradleInstallation                             : loaded 2 times (x 75B)
Class com.google.common.collect.ForwardingMapEntry                                    : loaded 2 times (x 86B)
Class com.google.common.collect.ForwardingCollection                                  : loaded 2 times (x 130B)
Class com.google.common.base.Splitter$Strategy                                        : loaded 2 times (x 70B)
Class com.google.common.collect.LexicographicalOrdering                               : loaded 2 times (x 115B)
Class com.google.common.collect.Iterables                                             : loaded 2 times (x 71B)
Class com.google.common.collect.Lists$RandomAccessReverseList                         : loaded 2 times (x 200B)
Class ijJvmDebugger1_1nxz8iacv3bg692g0l3pkvalm                                        : loaded 2 times (x 171B)

---------------  S Y S T E M  ---------------

OS:
NAME="Freedesktop SDK"
VERSION="25.08 (Flatpak runtime)"
VERSION_ID=25.08
ID=org.freedesktop.platform
PRETTY_NAME="Freedesktop SDK 25.08 (Flatpak runtime)"
BUG_REPORT_URL=https://gitlab.com/freedesktop-sdk/freedesktop-sdk/issues
uname: Linux 6.17.0-29-generic #29~24.04.1-Ubuntu SMP PREEMPT_DYNAMIC Mon May 11 10:30:58 UTC 2 x86_64
OS uptime: 0 days 9:01 hours
libc: glibc 2.42 NPTL 2.42 
rlimit (soft/hard): STACK 8192k/infinity , CORE 0k/infinity , NPROC 63005/63005 , NOFILE 1048576/1048576 , AS infinity/infinity , CPU infinity/infinity , DATA infinity/infinity , FSIZE infinity/infinity , MEMLOCK 2037100k/2037100k
load average: 0,75 0,44 0,23

/proc/meminfo:
MemTotal:       16296812 kB
MemFree:          618596 kB
MemAvailable:    5931716 kB
Buffers:          147440 kB
Cached:          5120236 kB
SwapCached:        71492 kB
Active:          9762676 kB
Inactive:        4793976 kB
Active(anon):    7575204 kB
Inactive(anon):  1788420 kB
Active(file):    2187472 kB
Inactive(file):  3005556 kB
Unevictable:         120 kB
Mlocked:             120 kB
SwapTotal:       2097148 kB
SwapFree:        1804384 kB
Zswap:                 0 kB
Zswapped:              0 kB
Dirty:               756 kB
Writeback:             0 kB
AnonPages:       9280520 kB
Mapped:          1410940 kB
Shmem:             74508 kB
KReclaimable:     457976 kB
Slab:             675188 kB
SReclaimable:     457976 kB
SUnreclaim:       217212 kB
KernelStack:       21456 kB
PageTables:        65160 kB
SecPageTables:      3932 kB
NFS_Unstable:          0 kB
Bounce:                0 kB
WritebackTmp:          0 kB
CommitLimit:    10245552 kB
Committed_AS:   21407588 kB
VmallocTotal:   34359738367 kB
VmallocUsed:      107076 kB
VmallocChunk:          0 kB
Percpu:            11328 kB
HardwareCorrupted:     0 kB
AnonHugePages:         0 kB
ShmemHugePages:        0 kB
ShmemPmdMapped:        0 kB
FileHugePages:    602112 kB
FilePmdMapped:     53248 kB
CmaTotal:              0 kB
CmaFree:               0 kB
Unaccepted:            0 kB
Balloon:               0 kB
HugePages_Total:       0
HugePages_Free:        0
HugePages_Rsvd:        0
HugePages_Surp:        0
Hugepagesize:       2048 kB
Hugetlb:               0 kB
DirectMap4k:     1165268 kB
DirectMap2M:    13438976 kB
DirectMap1G:     2097152 kB

/sys/kernel/mm/transparent_hugepage/enabled: <Not Available>
/sys/kernel/mm/transparent_hugepage/hpage_pmd_size: <Not Available>
/sys/kernel/mm/transparent_hugepage/defrag (defrag/compaction efforts parameter): <Not Available>

Process Memory:
Virtual Size: 10745184K (peak: 11522068K)
Resident Set Size: 2496660K (peak: 2753000K) (anon: 2459848K, file: 36780K, shmem: 32K)
Swapped out: 0K
C-Heap outstanding allocations: 157828K, retained: 1619899K
glibc malloc tunables: (default)

/proc/sys/kernel/threads-max (system-wide limit on the number of threads): 126010
/proc/sys/vm/max_map_count (maximum number of memory map areas a process may have): 1048576
/proc/sys/vm/swappiness (control to define how aggressively the kernel swaps out anonymous memory): 60
/proc/sys/kernel/pid_max (system-wide limit on number of process identifiers): 4194304

container information not found.
Steal ticks since vm start: 0
Steal ticks percentage since vm start:  0,000

CPU: total 12 (initial active 12) (12 cores per cpu, 2 threads per core) family 23 model 8 stepping 2 microcode 0x800820d, cx8, cmov, fxsr, ht, mmx, 3dnowpref, sse, sse2, sse3, ssse3, sse4a, sse4.1, sse4.2, popcnt, lzcnt, tsc, tscinvbit, avx, avx2, aes, clmul, bmi1, bmi2, adx, sha, fma, vzeroupper, clflush, clflushopt, rdtscp, f16c
CPU Model and flags from /proc/cpuinfo:
model name	: AMD Ryzen 5 2600 Six-Core Processor
flags		: fpu vme de pse tsc msr pae mce cx8 apic sep mtrr pge mca cmov pat pse36 clflush mmx fxsr sse sse2 ht syscall nx mmxext fxsr_opt pdpe1gb rdtscp lm constant_tsc rep_good nopl nonstop_tsc cpuid extd_apicid aperfmperf rapl pni pclmulqdq monitor ssse3 fma cx16 sse4_1 sse4_2 movbe popcnt aes xsave avx f16c rdrand lahf_lm cmp_legacy svm extapic cr8_legacy abm sse4a misalignsse 3dnowprefetch osvw skinit wdt tce topoext perfctr_core perfctr_nb bpext perfctr_llc mwaitx cpb hw_pstate ssbd ibpb vmmcall fsgsbase bmi1 avx2 smep bmi2 rdseed adx smap clflushopt sha_ni xsaveopt xsavec xgetbv1 clzero xsaveerptr arat npt lbrv svm_lock nrip_save tsc_scale vmcb_clean flushbyasid decodeassists pausefilter pfthreshold avic v_vmsave_vmload vgif overflow_recov succor smca sev sev_es

Online cpus: 0-11
Offline cpus: 
BIOS frequency limitation: 3400000
Frequency switch latency (ns): 0
Available cpu frequencies: 3400000 2800000 1550000 
Current governor: schedutil
Core performance/turbo boost: 1

Memory: 4k page, physical 16296812k(5931716k free), swap 2097148k(1804384k free)
Page Sizes: 4k

vm_info: OpenJDK 64-Bit Server VM (21.0.10+-14961533-b1163.108) for linux-amd64 JRE (21.0.10+-14961533-b1163.108), built on 2026-03-02T19:55:51Z by "builder" with clang Android (14488419, +pgo, +bolt, +lto, +mlgo, based on r584948) Clang 22.0.0 (https://android.googlesource.com/toolchain/llvm-project 2d65e4108033380e6fe8e08b1f1826cd2bfb0c99)

END.
